Timestamp,From Bank,Account,To Bank,To Account,Amount Received,Receiving Currency,Amount Paid,Payment Currency,Payment Format,Is Laundering
2022-09-01 00:22:00,70,10042B7C8,18,8099B1190,728687.05,Ruble,728687.05,Ruble,Cheque,0
2022-09-01 00:00:00,70,10042B7C8,18,8099B1190,376378.11,Ruble,376378.11,Ruble,Credit Card,0
2022-09-01 00:11:00,70,10042B7C8,285,80AFA5F50,5948024.79,Ruble,5948024.79,Ruble,Cheque,0
2022-09-01 00:26:00,70,10042B7C8,285,80AFA5F50,1059085.84,Ruble,1059085.84,Ruble,Credit Card,0
2022-09-01 00:04:00,70,10042B7C8,285,80AFA5F50,792289.15,Ruble,792289.15,Ruble,Cash,0
2022-09-01 00:15:00,70,10042B7C8,16,80AFB1120,2313086.7,Ruble,2313086.7,Ruble,Cheque,0
2022-09-01 00:02:00,70,10042B7C8,16,80AFB1120,424054.85,Ruble,424054.85,Ruble,Credit Card,0
2022-09-01 00:06:00,70,10042B7C8,16,80AFB1120,30575.12,Ruble,30575.12,Ruble,Cash,0
2022-09-01 00:19:00,70,10042B7C8,27,80AFB3130,388722.6,Ruble,388722.6,Ruble,Cheque,0
2022-09-01 00:18:00,70,10042B7C8,27,80AFB3130,287709.99,Ruble,287709.99,Ruble,Cash,0
2022-09-01 00:12:00,70,10042B7C8,23,80AFCBED0,151784.29,Ruble,151784.29,Ruble,Cheque,0
2022-09-01 00:18:00,70,10042B7C8,23,80AFCBED0,325534.51,Ruble,325534.51,Ruble,Cash,0
2022-09-01 00:15:00,70,10042B7C8,27,80AFDEC70,237342.23,Ruble,237342.23,Ruble,Cheque,0
2022-09-01 00:26:00,70,10042B7C8,27,80AFDEC70,356191.07,Ruble,356191.07,Ruble,Cash,0
2022-09-01 00:01:00,70,10042B7C8,16,80AFE97C0,748904.18,Ruble,748904.18,Ruble,Cheque,0
2022-09-01 00:02:00,70,10042B7C8,16,80AFE97C0,2244442.43,Ruble,2244442.43,Ruble,Credit Card,0
2022-09-01 00:28:00,70,10042B7C8,16,80AFE97C0,234797.73,Ruble,234797.73,Ruble,Cash,0
2022-09-01 00:22:00,70,10042B7C8,18,80AFF2440,2194512.25,Ruble,2194512.25,Ruble,Cheque,0
2022-09-01 00:00:00,70,10042B7C8,18,80AFF2440,1278157.67,Ruble,1278157.67,Ruble,Credit Card,0
2022-09-01 00:09:00,70,10042B7C8,18,80AFF2440,613861.0,Ruble,613861.0,Ruble,Cash,0
2022-09-01 00:10:00,70,10042B7C8,16,80B00F140,1642736.18,Ruble,1642736.18,Ruble,Cheque,0
2022-09-01 00:12:00,70,10042B7C8,27,80B4A7E60,800492.23,Ruble,800492.23,Ruble,Cheque,0
2022-09-01 00:12:00,70,10042B7C8,27,80B4A7E60,207792.02,Ruble,207792.02,Ruble,Credit Card,0
2022-09-01 00:14:00,70,10042B7C8,16,80B4ADB60,15998725.91,Ruble,15998725.91,Ruble,Cheque,0
2022-09-01 00:10:00,70,10042B7C8,16,80B4ADB60,16842070.75,Ruble,16842070.75,Ruble,Cash,0
2022-09-01 00:26:00,70,10042B7C8,19,80B4BE450,4199924.52,Ruble,4199924.52,Ruble,Cheque,0
2022-09-01 00:08:00,70,10042B7C8,19,80B4BE450,855825.16,Ruble,855825.16,Ruble,Credit Card,0
2022-09-01 00:19:00,70,10042B7C8,19,80B4BE450,962930.54,Ruble,962930.54,Ruble,Cash,0
2022-09-01 00:25:00,70,10042B7C8,23,80B4EB380,2491432.9,Ruble,2491432.9,Ruble,Cheque,0
2022-09-01 00:27:00,70,10042B7C8,23,80B4EB380,472125.44,Ruble,472125.44,Ruble,Credit Card,0
2022-09-01 00:14:00,70,10042B7C8,18,80B4EEAC0,5519229.05,Ruble,5519229.05,Ruble,Cheque,0
2022-09-01 00:01:00,70,10042B7C8,18,80B4EEAC0,5626.49,Ruble,5626.49,Ruble,Credit Card,0
2022-09-01 00:06:00,70,10042B7C8,230595,80B5028C0,4098096.61,Ruble,4098096.61,Ruble,Cheque,0
2022-09-01 00:16:00,70,10042B7C8,19,80B5211B0,2087867792.92,Ruble,2087867792.92,Ruble,Cheque,0
2022-09-01 00:16:00,70,10042B7C8,19,80B5211B0,2017533.14,Ruble,2017533.14,Ruble,Credit Card,0
2022-09-01 00:18:00,70,10042B7C8,19,80B5211B0,172536074.87,Ruble,172536074.87,Ruble,Cash,0
2022-09-01 00:27:00,70,10042B7C8,285,80B522070,1869732.86,Ruble,1869732.86,Ruble,Cheque,0
2022-09-01 00:04:00,70,10042B7C8,285,80B522070,957519.06,Ruble,957519.06,Ruble,Cash,0
2022-09-01 00:03:00,70,10042B7C8,23,80B538220,1475148.5,Ruble,1475148.5,Ruble,Cheque,0
2022-09-01 00:06:00,70,10042B7C8,23,80B538220,1363862.93,Ruble,1363862.93,Ruble,Cash,0
2022-09-01 00:21:00,70,10042B7C8,30959,80B547F40,2677849.17,Ruble,2677849.17,Ruble,Cheque,0
2022-09-01 00:26:00,70,10042B7C8,30959,80B547F40,2191930.95,Ruble,2191930.95,Ruble,Credit Card,0
2022-09-01 00:14:00,70,10042B7C8,30959,80B547F40,69954.16,Ruble,69954.16,Ruble,Cash,0
2022-09-01 00:03:00,70,10042B7C8,131036,80B54B4A0,3180418.19,Ruble,3180418.19,Ruble,Cheque,0
2022-09-01 00:10:00,70,10042B7C8,131036,80B54B4A0,350595.99,Ruble,350595.99,Ruble,Credit Card,0
2022-09-01 00:27:00,70,10042B7C8,131036,80B54B4A0,1449191.01,Ruble,1449191.01,Ruble,Cash,0
2022-09-01 00:01:00,70,10042B7C8,285,80BA9F9E0,928792.86,Ruble,928792.86,Ruble,Credit Card,0
2022-09-01 00:10:00,70,10042B7C8,285,80BD11A40,3737421.74,Ruble,3737421.74,Ruble,Cheque,0
2022-09-01 00:28:00,70,10042B7C8,16,80BD25000,1932404.93,Ruble,1932404.93,Ruble,Cheque,0
2022-09-01 00:15:00,70,10042B7C8,16,80BD25000,500627.03,Ruble,500627.03,Ruble,Credit Card,0
2022-09-01 00:16:00,70,10042B7C8,132300,80BE0A6C0,37902448.26,Ruble,37902448.26,Ruble,Cheque,0
2022-09-01 00:13:00,70,10042B7C8,285,80BE7E020,193886.36,Ruble,193886.36,Ruble,Cheque,0
2022-09-01 00:18:00,70,10042B7C8,285,80BE7E020,40442.63,Ruble,40442.63,Ruble,Credit Card,0
2022-09-01 00:24:00,70,10042B7C8,230595,80BEB9110,484465.39,Ruble,484465.39,Ruble,Cheque,0
2022-09-01 00:01:00,70,10042B7C8,230595,80BEB9110,233237.98,Ruble,233237.98,Ruble,Cash,0
2022-09-01 00:11:00,70,10042B7C8,23,80BEFE1C0,8361231.14,Ruble,8361231.14,Ruble,Cheque,0
2022-09-01 00:25:00,70,10042B7C8,132448,80BF39F90,1839841023.92,Ruble,1839841023.92,Ruble,Cheque,0
2022-09-01 00:22:00,70,10042B7C8,132448,80BF39F90,56738606.1,Ruble,56738606.1,Ruble,Cash,0
2022-09-01 00:03:00,70,10042B7C8,32245,80C00F3A0,43370350.67,Ruble,43370350.67,Ruble,Cheque,0
2022-09-01 00:16:00,70,10042B7C8,32245,80C00F3A0,1858025.98,Ruble,1858025.98,Ruble,Credit Card,0
2022-09-01 00:00:00,70,10042B7C8,32245,80C00F3A0,33206744.63,Ruble,33206744.63,Ruble,Cash,0
2022-09-01 00:24:00,70,10042B7C8,232452,80C074110,45771217.75,Ruble,45771217.75,Ruble,Cheque,0
2022-09-01 00:17:00,70,10042B7C8,232452,80C074110,197973.25,Ruble,197973.25,Ruble,Credit Card,0
2022-09-01 00:28:00,70,10042B7C8,232452,80C074110,76706847.24,Ruble,76706847.24,Ruble,Cash,0
2022-09-01 00:19:00,70,10042B7C8,23,80C07E220,166980.9,Ruble,166980.9,Ruble,Cheque,1
2022-09-01 00:14:00,70,10042B7C8,232452,80C083280,5501495.2,Ruble,5501495.2,Ruble,Cheque,0
2022-09-01 00:11:00,70,10042B7C8,232452,80C083280,1251959.0,Ruble,1251959.0,Ruble,Credit Card,0
2022-09-01 00:25:00,70,10042B7C8,232452,80C083280,1518028.0,Ruble,1518028.0,Ruble,Cash,0
2022-09-01 00:00:00,70,10042B7C8,232125,80C091820,10538.43,Ruble,10538.43,Ruble,Cheque,0
2022-09-01 00:01:00,70,10042B7C8,232125,80C091820,382.27,Ruble,382.27,Ruble,Credit Card,0
2022-09-01 00:23:00,70,10042B7C8,132448,80C0DF920,585964.43,Ruble,585964.43,Ruble,Cheque,0
2022-09-01 00:23:00,70,10042B7C8,132448,80C0DF920,169597.36,Ruble,169597.36,Ruble,Credit Card,0
2022-09-01 00:12:00,70,10042B7C8,285,80C0E52E0,3754329.31,Ruble,3754329.31,Ruble,Cheque,0
2022-09-01 00:18:00,70,10042B7C8,285,80C13E070,99464.72,Ruble,99464.72,Ruble,Cheque,0
2022-09-01 00:00:00,70,10042B7C8,285,80C13E070,83225.44,Ruble,83225.44,Ruble,Cash,0
2022-09-01 00:15:00,70,10042B7C8,132849,80C0F9F70,7771290.07,Ruble,7771290.07,Ruble,Cheque,0
2022-09-01 00:02:00,70,10042B7C8,132849,80C0F9F70,979533.66,Ruble,979533.66,Ruble,Credit Card,0
2022-09-01 00:04:00,70,10042B7C8,132849,80C0F9F70,789295.81,Ruble,789295.81,Ruble,Cash,0
2022-09-01 00:27:00,70,10042B7C8,132849,80C1E18E0,4347759.71,Ruble,4347759.71,Ruble,Cheque,0
2022-09-01 00:17:00,70,10042B7C8,132849,80C1E18E0,1792693.78,Ruble,1792693.78,Ruble,Credit Card,0
2022-09-01 00:03:00,70,10042B7C8,132849,80C1E18E0,1130791.04,Ruble,1130791.04,Ruble,Cash,0
2022-09-01 00:20:00,70,10042B7C8,232452,80C1E3CF0,40748.73,Ruble,40748.73,Ruble,Cheque,0
2022-09-01 00:22:00,70,10042B7C8,232452,80C1E3CF0,27850.8,Ruble,27850.8,Ruble,Cash,0
2022-09-01 00:21:00,70,10042B7C8,132407,80C1E88D0,401999.65,Ruble,401999.65,Ruble,Cheque,0
2022-09-01 00:13:00,70,10042B7C8,132407,80C1E88D0,16819.76,Ruble,16819.76,Ruble,Credit Card,0
2022-09-01 00:24:00,70,10042B810,29,80C22E4E0,73924.56,UK Pound,73924.56,UK Pound,Cheque,0
2022-09-01 00:27:00,70,10042B810,29,80C22E4E0,12426.68,UK Pound,12426.68,UK Pound,Credit Card,0
2022-09-01 00:20:00,70,10042B810,29,80C22E4E0,8983.95,UK Pound,8983.95,UK Pound,Cash,0
2022-09-01 00:18:00,70,10042B810,232857,80C299D60,142193.19,UK Pound,142193.19,UK Pound,Cheque,0
2022-09-01 00:11:00,70,10042B810,232857,80C299D60,16250.0,UK Pound,16250.0,UK Pound,Credit Card,0
2022-09-01 00:20:00,70,10042B810,232857,80C299D60,13200.53,UK Pound,13200.53,UK Pound,Cash,0
2022-09-01 00:24:00,70,10042B810,232857,80C29DDA0,9034.63,UK Pound,9034.63,UK Pound,Cheque,0
2022-09-01 00:28:00,70,10042B810,232857,80C29DDA0,6678.96,UK Pound,6678.96,UK Pound,Credit Card,0
2022-09-01 00:06:00,70,10042B810,133159,80C2B2C10,4209.18,UK Pound,4209.18,UK Pound,Cheque,0
2022-09-01 00:00:00,70,10042B810,133159,80C2B2C10,235.34,UK Pound,235.34,UK Pound,Credit Card,0
2022-09-01 00:06:00,70,10042B810,24,80C2C62D0,3971.48,UK Pound,3971.48,UK Pound,Cheque,0
2022-09-01 00:18:00,70,10042B810,233064,80C414AD0,9020.05,UK Pound,9020.05,UK Pound,Cheque,0
2022-09-01 00:13:00,70,10042B810,233064,80C414AD0,18896.87,UK Pound,18896.87,UK Pound,Credit Card,0
2022-09-01 00:06:00,70,10042B810,233064,80C414AD0,11715.35,UK Pound,11715.35,UK Pound,Cash,0
2022-09-01 00:09:00,70,10042B810,25,80C41AFA0,321503.85,UK Pound,321503.85,UK Pound,Cheque,0
2022-09-01 00:05:00,70,10042B810,25,80C41AFA0,3819.94,UK Pound,3819.94,UK Pound,Credit Card,0
2022-09-01 00:12:00,70,10042B810,25,80C41AFA0,258464.16,UK Pound,258464.16,UK Pound,Cash,0
2022-09-01 00:16:00,70,10042B810,133159,80C42E220,1119.64,UK Pound,1119.64,UK Pound,Cheque,0
2022-09-01 00:23:00,70,10042B810,133159,80C42E220,57.03,UK Pound,57.03,UK Pound,Credit Card,0
2022-09-01 00:21:00,70,10042B810,233186,80C4321B0,5273641.78,UK Pound,5273641.78,UK Pound,Cheque,0
2022-09-01 00:26:00,70,10042B810,233186,80C4321B0,1769.75,UK Pound,1769.75,UK Pound,Credit Card,0
2022-09-01 00:08:00,70,10042B810,233186,80C4321B0,1761420.97,UK Pound,1761420.97,UK Pound,Cash,0
2022-09-01 00:21:00,70,10042B810,232857,80C44A4A0,28482.21,UK Pound,28482.21,UK Pound,Cheque,0
2022-09-01 00:18:00,70,10042B810,233064,80C4AC7E0,8.55,UK Pound,8.55,UK Pound,Cheque,0
2022-09-01 00:03:00,70,10042B810,233064,80C4AC7E0,0.31,UK Pound,0.31,UK Pound,Credit Card,0
2022-09-01 00:09:00,70,10042B810,133159,80C4CCDF0,209.74,UK Pound,209.74,UK Pound,Cheque,0
2022-09-01 00:23:00,70,10042B810,133159,80C4CCDF0,88.07,UK Pound,88.07,UK Pound,Credit Card,0
2022-09-01 00:09:00,70,10042B810,133159,80C4CCDF0,5.58,UK Pound,5.58,UK Pound,Cash,0
2022-09-01 00:23:00,70,10042B810,133372,80C4D6400,4451.85,UK Pound,4451.85,UK Pound,Cheque,0
2022-09-01 00:24:00,70,10042B810,133372,80C4D6400,10127.15,UK Pound,10127.15,UK Pound,Credit Card,0
2022-09-01 00:18:00,70,10042B810,133372,80C4D6400,20960.65,UK Pound,20960.65,UK Pound,Cash,0
2022-09-01 00:20:00,70,10042B810,25,80C4E9190,18042.54,UK Pound,18042.54,UK Pound,Cheque,0
2022-09-01 00:16:00,70,10042B810,25,80C4E9190,9816.21,UK Pound,9816.21,UK Pound,Credit Card,0
2022-09-01 00:11:00,70,10042B810,25,80C4E9190,8107.85,UK Pound,8107.85,UK Pound,Cash,0
2022-09-01 00:04:00,70,10042B810,233601,80C6B7CB0,347.59,UK Pound,347.59,UK Pound,Cheque,0
2022-09-01 00:06:00,70,10042B810,233601,80C6B7CB0,1146.25,UK Pound,1146.25,UK Pound,Credit Card,0
2022-09-01 00:06:00,70,10042B810,24,80C6C0010,11465.19,UK Pound,11465.19,UK Pound,Credit Card,0
2022-09-01 00:23:00,70,10042B810,24,80C6C0010,54214.63,UK Pound,54214.63,UK Pound,Cash,0
2022-09-01 00:13:00,70,10042B810,233186,80C6C8D50,5327011.74,UK Pound,5327011.74,UK Pound,Cheque,0
2022-09-01 00:00:00,70,10042B810,233601,80C6DC560,9095.36,UK Pound,9095.36,UK Pound,Cheque,0
2022-09-01 00:19:00,70,10042B810,233601,80C6DC560,1127.12,UK Pound,1127.12,UK Pound,Credit Card,0
2022-09-01 00:00:00,70,10042B810,233064,80C44DA20,86987.0,UK Pound,86987.0,UK Pound,Cheque,0
2022-09-01 00:07:00,70,10042B810,233064,80C44DA20,1837.87,UK Pound,1837.87,UK Pound,Credit Card,0
2022-09-01 00:28:00,70,10042B810,233064,80C44DA20,551.06,UK Pound,551.06,UK Pound,Cash,0
2022-09-01 00:01:00,70,10042B810,233186,80C6B4570,14883.01,UK Pound,14883.01,UK Pound,Cheque,0
2022-09-01 00:01:00,70,10042B810,233186,80C6B4570,321.94,UK Pound,321.94,UK Pound,Cash,0
2022-09-01 00:21:00,70,10042B810,24,80C73C590,50708.37,UK Pound,50708.37,UK Pound,Cheque,0
2022-09-01 00:27:00,70,10042B810,133936,80C747070,36123.8,UK Pound,36123.8,UK Pound,Cheque,0
2022-09-01 00:05:00,70,10042B810,133936,80C747070,878.87,UK Pound,878.87,UK Pound,Credit Card,0
2022-09-01 00:08:00,70,10042B810,133936,80C747070,702.91,UK Pound,702.91,UK Pound,Cash,0
2022-09-01 00:20:00,70,10042B810,133159,80C879140,192.5,UK Pound,192.5,UK Pound,Cheque,0
2022-09-01 00:15:00,70,10042B810,133159,80C879140,392.38,UK Pound,392.38,UK Pound,Credit Card,0
2022-09-01 00:17:00,70,10042B810,29,80C8BBA50,4957.74,UK Pound,4957.74,UK Pound,Cheque,0
2022-09-01 00:17:00,70,10042B810,233706,80C8CD920,9499747.09,UK Pound,9499747.09,UK Pound,Cheque,0
2022-09-01 00:02:00,70,10042B810,33858,80C754090,25968.54,UK Pound,25968.54,UK Pound,Cheque,0
2022-09-01 00:24:00,70,10042B810,33858,80C754090,1261.78,UK Pound,1261.78,UK Pound,Credit Card,0
2022-09-01 00:22:00,70,10042B810,232857,80C8F3A80,26902.65,UK Pound,26902.65,UK Pound,Cheque,0
2022-09-01 00:15:00,70,10042B810,232857,80C8F3A80,12211.79,UK Pound,12211.79,UK Pound,Credit Card,0
2022-09-01 00:19:00,70,10042B810,232857,80C8F3A80,10867.83,UK Pound,10867.83,UK Pound,Cash,0
2022-09-01 00:29:00,70,10042B810,233674,80C8D2440,5535.34,UK Pound,5535.34,UK Pound,Cheque,1
2022-09-01 00:03:00,70,10042B810,233674,80C8D2440,255.34,UK Pound,255.34,UK Pound,Credit Card,0
2022-09-01 00:25:00,70,10042B810,233064,80C90D2A0,9181.32,UK Pound,9181.32,UK Pound,Cheque,0
2022-09-01 00:01:00,70,10042B810,233064,80C90D2A0,2374.37,UK Pound,2374.37,UK Pound,Credit Card,0
2022-09-01 00:05:00,70,10042B810,233064,80C940A10,23599.81,UK Pound,23599.81,UK Pound,Cheque,0
2022-09-01 00:03:00,70,10042B810,233064,80C940A10,6678.57,UK Pound,6678.57,UK Pound,Credit Card,0
2022-09-01 00:01:00,70,10042B810,234142,80C99B110,891.84,UK Pound,891.84,UK Pound,Cheque,0
2022-09-01 00:14:00,70,10042B810,234142,80C99B110,790.69,UK Pound,790.69,UK Pound,Credit Card,0
2022-09-01 00:17:00,70,10042B810,234142,80C99B110,219.18,UK Pound,219.18,UK Pound,Cash,0
2022-09-01 00:04:00,70,10042B810,232857,80C9C6270,972.1,UK Pound,972.1,UK Pound,Cheque,0
2022-09-01 00:07:00,70,10042B810,232857,80C9C6270,443.58,UK Pound,443.58,UK Pound,Credit Card,0
2022-09-01 00:21:00,70,10042B810,133372,80CA210A0,93295.9,UK Pound,93295.9,UK Pound,Cheque,0
2022-09-01 00:28:00,70,10042B810,133372,80CA210A0,3708.23,UK Pound,3708.23,UK Pound,Cash,0
2022-09-01 00:09:00,70,10042B810,134598,80CA5A250,2910797.72,UK Pound,2910797.72,UK Pound,Cheque,0
2022-09-01 00:18:00,70,10042B810,134598,80CA5A250,10373.81,UK Pound,10373.81,UK Pound,Credit Card,0
2022-09-01 00:05:00,70,10042B810,134598,80CA5A250,3041290.5,UK Pound,3041290.5,UK Pound,Cash,0
2022-09-01 00:28:00,70,10042B810,133159,80C9787D0,64145.38,UK Pound,64145.38,UK Pound,Cheque,0
2022-09-01 00:27:00,70,10042B810,133159,80C9787D0,12644.37,UK Pound,12644.37,UK Pound,Credit Card,0
2022-09-01 00:07:00,70,10042B810,133159,80C9787D0,28757.08,UK Pound,28757.08,UK Pound,Cash,0
2022-09-01 00:02:00,70,10042B810,25,80CB05140,2433280.98,UK Pound,2433280.98,UK Pound,Cheque,0
2022-09-01 00:23:00,70,10042B810,25,80CB05140,17789.52,UK Pound,17789.52,UK Pound,Credit Card,0
2022-09-01 00:16:00,70,10042B810,25,80CB05140,636884.4,UK Pound,636884.4,UK Pound,Cash,0
2022-09-01 00:13:00,70,10042B810,234165,80CB155B0,39355.43,UK Pound,39355.43,UK Pound,Cheque,0
2022-09-01 00:01:00,70,10042B810,234165,80CB155B0,5663.52,UK Pound,5663.52,UK Pound,Cash,0
2022-09-01 00:24:00,70,10042B810,134053,80CB2DF00,36009.11,UK Pound,36009.11,UK Pound,Cheque,0
2022-09-01 00:25:00,70,10042B810,134053,80CB2DF00,3808.28,UK Pound,3808.28,UK Pound,Credit Card,0
2022-09-01 00:08:00,70,10042B810,233706,80CB34890,241005.57,UK Pound,241005.57,UK Pound,Cheque,0
2022-09-01 00:06:00,70,10042B810,233706,80CB34890,8968.4,UK Pound,8968.4,UK Pound,Credit Card,0
2022-09-01 00:26:00,70,10042B810,233706,80CB34890,52030.59,UK Pound,52030.59,UK Pound,Cash,0
2022-09-01 00:02:00,70,10042B810,33370,80CB6C5F0,2764.8,UK Pound,2764.8,UK Pound,Cheque,0
2022-09-01 00:26:00,70,10042B810,33370,80CB6C5F0,12569.1,UK Pound,12569.1,UK Pound,Credit Card,0
2022-09-01 00:14:00,70,10042B810,33370,80CB6C5F0,2464.54,UK Pound,2464.54,UK Pound,Cash,0
2022-09-01 00:18:00,70,10042B810,134053,80CB82500,4038.98,UK Pound,4038.98,UK Pound,Cheque,0
2022-09-01 00:03:00,70,10042B810,134053,80CB82500,398.72,UK Pound,398.72,UK Pound,Credit Card,0
2022-09-01 00:10:00,70,10042B810,134053,80CB82500,70.57,UK Pound,70.57,UK Pound,Cash,0
2022-09-01 00:02:00,70,10042B810,234432,80CBABCF0,34176.26,UK Pound,34176.26,UK Pound,Cheque,0
2022-09-01 00:09:00,70,10042B810,234432,80CBABCF0,15133.32,UK Pound,15133.32,UK Pound,Credit Card,0
2022-09-01 00:04:00,70,10042B810,234432,80CBABCF0,61104.89,UK Pound,61104.89,UK Pound,Cash,0
2022-09-01 00:03:00,70,10042B810,233282,80CF12360,249290.53,UK Pound,249290.53,UK Pound,Cheque,0
2022-09-01 00:15:00,70,10042B810,233282,80CF12360,22352.43,UK Pound,22352.43,UK Pound,Credit Card,0
2022-09-01 00:27:00,70,10042B810,233282,80CF12360,71475.96,UK Pound,71475.96,UK Pound,Cash,0
2022-09-01 00:18:00,70,10042B810,35358,80CFA92D0,1905.07,UK Pound,1905.07,UK Pound,Cheque,0
2022-09-01 00:00:00,70,10042B810,35358,80CFA92D0,6276.07,UK Pound,6276.07,UK Pound,Credit Card,0
2022-09-01 00:27:00,70,10042B810,7,80CFA9860,43839.42,UK Pound,43839.42,UK Pound,Cheque,0
2022-09-01 00:07:00,70,10042B810,7,80CFA9860,5199.9,UK Pound,5199.9,UK Pound,Credit Card,0
2022-09-01 00:02:00,70,10042B810,7,80CFA9860,60047.62,UK Pound,60047.62,UK Pound,Cash,0
2022-09-01 00:14:00,70,10042B810,35371,80CFAA0B0,15053.71,UK Pound,15053.71,UK Pound,Cheque,0
2022-09-01 00:11:00,70,10042B810,35371,80CFAA0B0,7670.87,UK Pound,7670.87,UK Pound,Credit Card,0
2022-09-01 00:11:00,70,10042B810,234614,80CFADAD0,26563.04,UK Pound,26563.04,UK Pound,Cheque,0
2022-09-01 00:10:00,70,10042B810,234142,810E78670,187431.83,UK Pound,187431.83,UK Pound,Cheque,0
2022-09-01 00:13:00,70,10042B810,133936,8132A1890,25347698.0,UK Pound,25347698.0,UK Pound,Cheque,0
2022-09-01 00:16:00,70,10042B810,134640,818E3DBD0,8377385.5,UK Pound,8377385.5,UK Pound,Cheque,0
2022-09-01 00:18:00,70,10042B810,134598,81A1A4700,98628.89,UK Pound,98628.89,UK Pound,Cheque,0
2022-09-01 00:01:00,70,10042B810,232857,81A1A7710,5549.52,UK Pound,5549.52,UK Pound,Cheque,0
2022-09-01 00:04:00,70,10042B810,232857,81A1A7710,291.14,UK Pound,291.14,UK Pound,Credit Card,0
2022-09-01 00:05:00,70,10042B810,232857,81A1A7710,82.14,UK Pound,82.14,UK Pound,Cash,0
2022-09-01 00:20:00,70,10042B8E8,19,810BE8460,460505.65,Mexican Peso,460505.65,Mexican Peso,Cheque,0
2022-09-01 00:20:00,70,10042B8E8,19,810BE8460,1650149.75,Mexican Peso,1650149.75,Mexican Peso,Cash,0
2022-09-01 00:27:00,70,10042B8E8,41014,810D901F0,710018.85,Mexican Peso,710018.85,Mexican Peso,Cheque,0
2022-09-01 00:00:00,70,10042B8E8,13,810D9A8D0,837698.99,Mexican Peso,837698.99,Mexican Peso,Cheque,0
2022-09-01 00:10:00,70,10042B8E8,13,810D9A8D0,830131.43,Mexican Peso,830131.43,Mexican Peso,Cash,0
2022-09-01 00:25:00,70,10042B8E8,1135,810DB0C20,13691709.55,Mexican Peso,13691709.55,Mexican Peso,Cheque,0
2022-09-01 00:26:00,70,10042B8E8,1135,810DB0C20,448199.76,Mexican Peso,448199.76,Mexican Peso,Cash,0
2022-09-01 00:06:00,70,10042B8E8,41014,810DBF340,13630907.75,Mexican Peso,13630907.75,Mexican Peso,Cheque,0
2022-09-01 00:29:00,70,10042B8E8,41014,810DBF340,22229668.01,Mexican Peso,22229668.01,Mexican Peso,Cash,0
2022-09-01 00:00:00,70,10042B8E8,14,810DC3720,1103293.05,Mexican Peso,1103293.05,Mexican Peso,Cheque,0
2022-09-01 00:25:00,70,10042B8E8,14,810DC3720,234871.76,Mexican Peso,234871.76,Mexican Peso,Credit Card,0
2022-09-01 00:15:00,70,10042B8E8,1135,810DE33C0,341168.93,Mexican Peso,341168.93,Mexican Peso,Cheque,0
2022-09-01 00:13:00,70,10042B8E8,1135,810DE33C0,519149.49,Mexican Peso,519149.49,Mexican Peso,Credit Card,0
2022-09-01 00:15:00,70,10042B8E8,1135,810DE33C0,437206.07,Mexican Peso,437206.07,Mexican Peso,Cash,0
2022-09-01 00:22:00,70,10042B8E8,45907,810E2CB10,81674.96,Mexican Peso,81674.96,Mexican Peso,Cheque,0
2022-09-01 00:07:00,70,10042B8E8,45907,810E2CB10,533533.46,Mexican Peso,533533.46,Mexican Peso,Credit Card,0
2022-09-01 00:05:00,70,10042B8E8,45907,810E2CB10,57870.09,Mexican Peso,57870.09,Mexican Peso,Cash,0
2022-09-01 00:18:00,70,10042B8E8,1135,810E5FD60,697845.61,Mexican Peso,697845.61,Mexican Peso,Cheque,0
2022-09-01 00:24:00,70,10042B8E8,1135,810E5FD60,627734.86,Mexican Peso,627734.86,Mexican Peso,Credit Card,0
2022-09-01 00:05:00,70,10042B8E8,1135,810E5FD60,499098.99,Mexican Peso,499098.99,Mexican Peso,Cash,0
2022-09-01 00:09:00,70,10042B8E8,13,810E85DD0,270333.15,Mexican Peso,270333.15,Mexican Peso,Cheque,0
2022-09-01 00:02:00,70,10042B8E8,13,810E85DD0,373582.51,Mexican Peso,373582.51,Mexican Peso,Credit Card,0
2022-09-01 00:17:00,70,10042B8E8,13,810E85DD0,596163.04,Mexican Peso,596163.04,Mexican Peso,Cash,0
2022-09-01 00:26:00,70,10042B8E8,14,810E97200,330993.7,Mexican Peso,330993.7,Mexican Peso,Cheque,0
2022-09-01 00:12:00,70,10042B8E8,245772,810EA8560,77592.06,Mexican Peso,77592.06,Mexican Peso,Cheque,0
2022-09-01 00:05:00,70,10042B8E8,245772,810EA8560,228605.66,Mexican Peso,228605.66,Mexican Peso,Cash,0
2022-09-01 00:23:00,70,10042B8E8,45977,810F151E0,2081.09,Mexican Peso,2081.09,Mexican Peso,Cheque,0
2022-09-01 00:10:00,70,10042B8E8,45977,810F151E0,5326.95,Mexican Peso,5326.95,Mexican Peso,Credit Card,0
2022-09-01 00:24:00,70,10042B8E8,245772,810F2F390,509918.32,Mexican Peso,509918.32,Mexican Peso,Cheque,0
2022-09-01 00:13:00,70,10042B8E8,245772,810F2F390,58649.51,Mexican Peso,58649.51,Mexican Peso,Credit Card,0
2022-09-01 00:00:00,70,10042B8E8,245772,810F2F390,101842.48,Mexican Peso,101842.48,Mexican Peso,Cash,0
2022-09-01 00:09:00,70,10042B8E8,245681,810FBA400,160349.44,Mexican Peso,160349.44,Mexican Peso,Cheque,0
2022-09-01 00:02:00,70,10042B8E8,13,811036F80,410013.63,Mexican Peso,410013.63,Mexican Peso,Cheque,0
2022-09-01 00:03:00,70,10042B8E8,13,811036F80,600644.64,Mexican Peso,600644.64,Mexican Peso,Credit Card,0
2022-09-01 00:15:00,70,10042B8E8,13,811036F80,32703.61,Mexican Peso,32703.61,Mexican Peso,Cash,0
2022-09-01 00:23:00,70,10042B8E8,215,81103D8E0,108486810.78,Mexican Peso,108486810.78,Mexican Peso,Cheque,0
2022-09-01 00:17:00,70,10042B8E8,215,81103D8E0,207851.58,Mexican Peso,207851.58,Mexican Peso,Credit Card,0
2022-09-01 00:02:00,70,10042B8E8,215,81103D8E0,35197120.36,Mexican Peso,35197120.36,Mexican Peso,Cash,0
2022-09-01 00:27:00,70,10042B8E8,245772,81104CEF0,82334.39,Mexican Peso,82334.39,Mexican Peso,Cheque,0
2022-09-01 00:28:00,70,10042B8E8,245772,81104CEF0,9181.69,Mexican Peso,9181.69,Mexican Peso,Credit Card,0
2022-09-01 00:03:00,70,10042B8E8,113,811093E60,279198.48,Mexican Peso,279198.48,Mexican Peso,Cheque,0
2022-09-01 00:06:00,70,10042B8E8,14,8110AFF60,427333.51,Mexican Peso,427333.51,Mexican Peso,Cheque,0
2022-09-01 00:09:00,70,10042B8E8,1135,8111494E0,8375529.9,Mexican Peso,8375529.9,Mexican Peso,Cheque,0
2022-09-01 00:08:00,70,10042B8E8,45907,81115AB50,6174588.38,Mexican Peso,6174588.38,Mexican Peso,Cheque,0
2022-09-01 00:24:00,70,10042B8E8,45907,81115AB50,551700.02,Mexican Peso,551700.02,Mexican Peso,Credit Card,0
2022-09-01 00:18:00,70,10042B8E8,45907,81115AB50,37083431.04,Mexican Peso,37083431.04,Mexican Peso,Cash,0
2022-09-01 00:07:00,70,10042B8E8,245768,8111B5280,12044.55,Mexican Peso,12044.55,Mexican Peso,Cheque,0
2022-09-01 00:14:00,70,10042B8E8,245768,8111B5280,44590.91,Mexican Peso,44590.91,Mexican Peso,Credit Card,0
2022-09-01 00:13:00,70,10042B8E8,41014,8111EFEF0,85153.47,Mexican Peso,85153.47,Mexican Peso,Cheque,0
2022-09-01 00:22:00,70,10042B8E8,41014,8111EFEF0,437667.38,Mexican Peso,437667.38,Mexican Peso,Credit Card,0
2022-09-01 00:12:00,70,10042B8E8,245768,8079D5F90,126252.8,Mexican Peso,126252.8,Mexican Peso,Cheque,0
2022-09-01 00:20:00,70,10042B8E8,245768,8079D5F90,2665.12,Mexican Peso,2665.12,Mexican Peso,Credit Card,0
2022-09-01 00:01:00,70,10042B8E8,245768,8079D5F90,589.26,Mexican Peso,589.26,Mexican Peso,Cash,0
2022-09-01 00:15:00,70,10042B8E8,146529,8112195D0,1325079.98,Mexican Peso,1325079.98,Mexican Peso,Cheque,0
2022-09-01 00:19:00,70,10042B8E8,46228,811237810,100555.11,Mexican Peso,100555.11,Mexican Peso,Cheque,0
2022-09-01 00:13:00,70,10042B8E8,46228,811237810,34348.53,Mexican Peso,34348.53,Mexican Peso,Credit Card,0
2022-09-01 00:22:00,70,10042B8E8,246242,81125A790,364938705.04,Mexican Peso,364938705.04,Mexican Peso,Cheque,0
2022-09-01 00:17:00,70,10042B8E8,246242,81125A790,50640133.62,Mexican Peso,50640133.62,Mexican Peso,Cash,0
2022-09-01 00:24:00,70,10042B8E8,246232,811266230,1216.88,Mexican Peso,1216.88,Mexican Peso,Cheque,0
2022-09-01 00:17:00,70,10042B8E8,246232,811266230,2740.14,Mexican Peso,2740.14,Mexican Peso,Cash,0
2022-09-01 00:26:00,70,10042B8E8,13,811284DF0,138902.42,Mexican Peso,138902.42,Mexican Peso,Cheque,0
2022-09-01 00:23:00,70,10042B8E8,13,811284DF0,38198.2,Mexican Peso,38198.2,Mexican Peso,Credit Card,0
2022-09-01 00:27:00,70,10042B8E8,13,811284DF0,15685.38,Mexican Peso,15685.38,Mexican Peso,Cash,0
2022-09-01 00:17:00,70,10042B8E8,14,81129E770,6677659.22,Mexican Peso,6677659.22,Mexican Peso,Cheque,0
2022-09-01 00:11:00,70,10042B8E8,14,81129E770,1441596.11,Mexican Peso,1441596.11,Mexican Peso,Cash,0
2022-09-01 00:20:00,70,10042B8E8,46228,8112B1250,184191.16,Mexican Peso,184191.16,Mexican Peso,Cheque,0
2022-09-01 00:15:00,70,10042B8E8,46228,8112B1250,155952.85,Mexican Peso,155952.85,Mexican Peso,Credit Card,0
2022-09-01 00:02:00,70,10042B8E8,246140,8112B6850,12092.21,Mexican Peso,12092.21,Mexican Peso,Cheque,0
2022-09-01 00:13:00,70,10042B8E8,246140,8112B6850,13903.62,Mexican Peso,13903.62,Mexican Peso,Credit Card,0
2022-09-01 00:04:00,70,10042B8E8,46428,8112F3330,20750.56,Mexican Peso,20750.56,Mexican Peso,Cheque,0
2022-09-01 00:26:00,70,10042B8E8,146809,811327810,236046.36,Mexican Peso,236046.36,Mexican Peso,Cheque,0
2022-09-01 00:06:00,70,10042B8E8,146809,811327810,100184.15,Mexican Peso,100184.15,Mexican Peso,Credit Card,0
2022-09-01 00:22:00,70,10042B8E8,19,81133BC50,2318394.47,Mexican Peso,2318394.47,Mexican Peso,Cheque,0
2022-09-01 00:08:00,70,10042B8E8,19,81133BC50,218825.12,Mexican Peso,218825.12,Mexican Peso,Credit Card,0
2022-09-01 00:12:00,70,10042B8E8,19,81133BC50,619609.11,Mexican Peso,619609.11,Mexican Peso,Cash,0
2022-09-01 00:24:00,70,10042B8E8,113,81133ED90,2293290.92,Mexican Peso,2293290.92,Mexican Peso,Cheque,0
2022-09-01 00:23:00,70,10042B8E8,113,81133ED90,520142.26,Mexican Peso,520142.26,Mexican Peso,Credit Card,0
2022-09-01 00:09:00,70,10042B8E8,113,81133ED90,702121.38,Mexican Peso,702121.38,Mexican Peso,Cash,0
2022-09-01 00:26:00,70,10042B8E8,245729,811368440,300547.51,Mexican Peso,300547.51,Mexican Peso,Cheque,0
2022-09-01 00:18:00,70,10042B8E8,246232,8113B5200,960736.01,Mexican Peso,960736.01,Mexican Peso,Cheque,0
2022-09-01 00:24:00,70,10042B8E8,246232,8113B5200,518796.67,Mexican Peso,518796.67,Mexican Peso,Cash,0
2022-09-01 00:03:00,70,10042B8E8,46781,8113D9AB0,688844691.47,Mexican Peso,688844691.47,Mexican Peso,Cheque,0
2022-09-01 00:23:00,70,10042B8E8,245768,811430B70,173901.2,Mexican Peso,173901.2,Mexican Peso,Cheque,0
2022-09-01 00:14:00,70,10042B8E8,19,811425A50,162383.54,Mexican Peso,162383.54,Mexican Peso,Credit Card,0
2022-09-01 00:05:00,70,10042B8E8,19,811425A50,266775.19,Mexican Peso,266775.19,Mexican Peso,Cash,0
2022-09-01 00:15:00,70,10042B8E8,41014,811450110,4579.57,Mexican Peso,4579.57,Mexican Peso,Cheque,0
2022-09-01 00:04:00,70,10042B8E8,41014,811450110,3441.89,Mexican Peso,3441.89,Mexican Peso,Credit Card,0
2022-09-01 00:04:00,70,10042B8E8,41014,811450110,263.46,Mexican Peso,263.46,Mexican Peso,Cash,0
2022-09-01 00:07:00,70,10042B8E8,246630,8166B47A0,10942356.44,Mexican Peso,10942356.44,Mexican Peso,Cheque,0
2022-09-01 00:26:00,70,10042B8E8,246630,8166B47A0,336203.81,Mexican Peso,336203.81,Mexican Peso,Credit Card,0
2022-09-01 00:23:00,70,10042B8E8,246630,8166B47A0,14329560.78,Mexican Peso,14329560.78,Mexican Peso,Cash,0
2022-09-01 00:40:00,70,10042B7C8,285,80AFA84A0,1376810.0,Ruble,1376810.0,Ruble,Cheque,0
2022-09-01 00:35:00,70,10042B7C8,285,80AFA84A0,644249.08,Ruble,644249.08,Ruble,Cash,0
2022-09-01 00:38:00,70,10042B7C8,23,80AFCA480,528245.93,Ruble,528245.93,Ruble,Cheque,0
2022-09-01 00:43:00,70,10042B7C8,23,80AFCA480,14976.62,Ruble,14976.62,Ruble,Credit Card,0
2022-09-01 00:47:00,70,10042B7C8,19,80B015760,22779.77,Ruble,22779.77,Ruble,Cheque,0
2022-09-01 00:32:00,70,10042B7C8,19,80B015760,19159.35,Ruble,19159.35,Ruble,Cash,0
2022-09-01 00:42:00,70,10042B7C8,18,80B084C60,36344.39,Ruble,36344.39,Ruble,Cheque,0
2022-09-01 00:57:00,70,10042B7C8,230595,80B51D690,66778.4,Ruble,66778.4,Ruble,Cheque,0
2022-09-01 00:38:00,70,10042B7C8,19,80BAE9740,509868.16,Ruble,509868.16,Ruble,Cheque,0
2022-09-01 00:38:00,70,10042B7C8,19,80BAE9740,76194.03,Ruble,76194.03,Ruble,Credit Card,0
2022-09-01 00:43:00,70,10042B7C8,19,80BAE9740,11999.26,Ruble,11999.26,Ruble,Cash,0
2022-09-01 00:40:00,70,10042B7C8,285,80BDD3B50,160060.22,Ruble,160060.22,Ruble,Cheque,0
2022-09-01 00:37:00,70,10042B7C8,285,80BDD3B50,768783.55,Ruble,768783.55,Ruble,Cash,0
2022-09-01 00:36:00,70,10042B7C8,131036,80BDDAEE0,1011468.25,Ruble,1011468.25,Ruble,Cheque,0
2022-09-01 00:48:00,70,10042B7C8,131036,80BDDAEE0,1046909.58,Ruble,1046909.58,Ruble,Cash,0
2022-09-01 00:58:00,70,10042B7C8,132425,80BF5E100,63339.41,Ruble,63339.41,Ruble,Cheque,0
2022-09-01 00:38:00,70,10042B7C8,132425,80BF5E100,72184.1,Ruble,72184.1,Ruble,Credit Card,0
2022-09-01 00:47:00,70,10042B7C8,27,80C0C1620,24672.95,Ruble,24672.95,Ruble,Cheque,0
2022-09-01 00:36:00,70,10042B7C8,27,80C0C1620,17810.92,Ruble,17810.92,Ruble,Cash,0
2022-09-01 00:30:00,70,10042B7C8,32979,80C2022A0,39557.21,Ruble,39557.21,Ruble,Cheque,0
2022-09-01 00:50:00,70,10042B7C8,32979,80C2022A0,118544.02,Ruble,118544.02,Ruble,Credit Card,0
2022-09-01 00:34:00,70,10042B7C8,32979,80C2022A0,79051.5,Ruble,79051.5,Ruble,Cash,0
2022-09-01 00:48:00,70,10042B810,133159,80C373BF0,342.52,UK Pound,342.52,UK Pound,Cheque,0
2022-09-01 00:40:00,70,10042B810,133159,80C373BF0,57.89,UK Pound,57.89,UK Pound,Cash,0
2022-09-01 00:58:00,70,10042B810,24,80C45D1D0,15926.0,UK Pound,15926.0,UK Pound,Cheque,0
2022-09-01 00:51:00,70,10042B810,33858,80C70BFF0,84697.98,UK Pound,84697.98,UK Pound,Cheque,0
2022-09-01 00:45:00,70,10042B810,133936,80C7F84D0,79.64,UK Pound,79.64,UK Pound,Cheque,0
2022-09-01 00:51:00,70,10042B810,133936,80C7F84D0,216.44,UK Pound,216.44,UK Pound,Credit Card,0
2022-09-01 00:34:00,70,10042B810,134053,80CBBCA50,110.61,UK Pound,110.61,UK Pound,Cheque,0
2022-09-01 00:40:00,70,10042B810,134053,80CBBCA50,63.64,UK Pound,63.64,UK Pound,Cash,0
2022-09-01 00:32:00,70,10042B810,233706,80CC85D80,793.05,UK Pound,793.05,UK Pound,Cheque,0
2022-09-01 00:37:00,70,10042B810,233706,80CC85D80,1725.48,UK Pound,1725.48,UK Pound,Credit Card,0
2022-09-01 00:31:00,70,10042B810,33858,80CF6B510,535.8,UK Pound,535.8,UK Pound,Cheque,0
2022-09-01 00:33:00,70,10042B810,33858,80CF6B510,2251.49,UK Pound,2251.49,UK Pound,Credit Card,0
2022-09-01 00:46:00,70,10042B810,133936,81A1A9AF0,22922.57,UK Pound,22922.57,UK Pound,Cheque,0
2022-09-01 00:44:00,70,10042B8E8,19,810E7DD50,586.37,Mexican Peso,586.37,Mexican Peso,Cheque,0
2022-09-01 00:46:00,70,10042B8E8,113,810E88390,4663.51,Mexican Peso,4663.51,Mexican Peso,Cheque,0
2022-09-01 00:52:00,70,10042B8E8,1135,811072EA0,821.26,Mexican Peso,821.26,Mexican Peso,Cheque,0
2022-09-01 00:56:00,70,10042B8E8,1135,811072EA0,2250.91,Mexican Peso,2250.91,Mexican Peso,Credit Card,0
2022-09-01 00:50:00,70,10042B8E8,41014,811072C60,7478.33,Mexican Peso,7478.33,Mexican Peso,Cheque,0
2022-09-01 00:43:00,70,10042B8E8,41014,8111062C0,118805.81,Mexican Peso,118805.81,Mexican Peso,Cheque,0
2022-09-01 00:49:00,70,10042B8E8,41014,8111062C0,82112.92,Mexican Peso,82112.92,Mexican Peso,Credit Card,0
2022-09-01 00:49:00,70,10042B8E8,146341,81110CB30,24375.31,Mexican Peso,24375.31,Mexican Peso,Cheque,0
2022-09-01 00:47:00,70,10042B8E8,146341,81110CB30,49712.89,Mexican Peso,49712.89,Mexican Peso,Credit Card,0
2022-09-01 00:32:00,70,10042B8E8,245768,811273420,12709.01,Mexican Peso,12709.01,Mexican Peso,Cheque,0
2022-09-01 00:33:00,70,10042B8E8,245768,811273420,6729.79,Mexican Peso,6729.79,Mexican Peso,Credit Card,0
2022-09-01 00:55:00,70,10042B8E8,246269,8112DF1D0,1687549.34,Mexican Peso,1687549.34,Mexican Peso,Cheque,0
2022-09-01 00:37:00,70,10042B8E8,246269,8112DF1D0,144965.37,Mexican Peso,144965.37,Mexican Peso,Credit Card,0
2022-09-01 00:59:00,70,10042B8E8,246269,8112DF1D0,5796662.27,Mexican Peso,5796662.27,Mexican Peso,Cash,0
2022-09-01 00:50:00,70,10042B8E8,146477,8113F1360,58076.89,Mexican Peso,58076.89,Mexican Peso,Cheque,0
2022-09-01 00:52:00,70,10042B8E8,146477,8113F1360,32188.39,Mexican Peso,32188.39,Mexican Peso,Cash,0
2022-09-01 00:58:00,70,10042B8E8,215,811409CA0,615626.94,Mexican Peso,615626.94,Mexican Peso,Cheque,0
2022-09-01 00:45:00,70,10042B8E8,215,811409CA0,19188.02,Mexican Peso,19188.02,Mexican Peso,Credit Card,0
2022-09-01 01:09:00,70,10042B7C8,285,80AFA82B0,18859.29,Ruble,18859.29,Ruble,Cheque,0
2022-09-01 01:22:00,70,10042B7C8,285,80AFA82B0,1572.47,Ruble,1572.47,Ruble,Credit Card,0
2022-09-01 01:28:00,70,10042B7C8,285,80AFA82B0,398.86,Ruble,398.86,Ruble,Cash,0
2022-09-01 01:12:00,70,10042B7C8,18,80AFBB950,5961778.19,Ruble,5961778.19,Ruble,Cheque,0
2022-09-01 01:27:00,70,10042B7C8,16,80B514540,221307.57,Ruble,221307.57,Ruble,Cheque,0
2022-09-01 01:23:00,70,10042B7C8,16,80B514540,336204.61,Ruble,336204.61,Ruble,Credit Card,0
2022-09-01 01:09:00,70,10042B7C8,230595,80B55C000,157860.54,Ruble,157860.54,Ruble,Cheque,0
2022-09-01 01:27:00,70,10042B7C8,230595,80B55C000,167003.49,Ruble,167003.49,Ruble,Credit Card,0
2022-09-01 01:14:00,70,10042B7C8,16,80BACD020,9117.57,Ruble,9117.57,Ruble,Cheque,0
2022-09-01 01:17:00,70,10042B7C8,16,80BACD020,12247.92,Ruble,12247.92,Ruble,Credit Card,0
2022-09-01 01:11:00,70,10042B7C8,16,80BD05480,40865.22,Ruble,40865.22,Ruble,Cheque,0
2022-09-01 01:10:00,70,10042B7C8,16,80BD05480,18436.42,Ruble,18436.42,Ruble,Credit Card,0
2022-09-01 01:25:00,70,10042B7C8,23,80B550FB0,46526.0,Ruble,46526.0,Ruble,Cheque,0
2022-09-01 01:15:00,70,10042B7C8,23,80B550FB0,39087.56,Ruble,39087.56,Ruble,Credit Card,0
2022-09-01 01:27:00,70,10042B7C8,230595,80BEB9110,422042.92,Ruble,422042.92,Ruble,Cash,0
2022-09-01 01:09:00,70,10042B7C8,132425,80BF5E100,292529.13,Ruble,292529.13,Ruble,Cheque,0
2022-09-01 01:09:00,70,10042B7C8,132425,80BF5E100,184563.11,Ruble,184563.11,Ruble,Credit Card,0
2022-09-01 01:17:00,70,10042B7C8,232393,80C0A7BB0,50901421.91,Ruble,50901421.91,Ruble,Cheque,0
2022-09-01 01:00:00,70,10042B7C8,232393,80C0A7BB0,87496881.97,Ruble,87496881.97,Ruble,Cash,0
2022-09-01 01:03:00,70,10042B810,24,80C2A55C0,3251.31,UK Pound,3251.31,UK Pound,Cheque,0
2022-09-01 01:17:00,70,10042B810,24,80C2A55C0,2252.99,UK Pound,2252.99,UK Pound,Cash,0
2022-09-01 01:08:00,70,10042B810,25,80CFA3C20,14384.57,UK Pound,14384.57,UK Pound,Cheque,0
2022-09-01 01:15:00,70,10042B810,25,80CFA3C20,256.29,UK Pound,256.29,UK Pound,Credit Card,0
2022-09-01 01:01:00,70,10042B810,25,80CFA3C20,376.79,UK Pound,376.79,UK Pound,Cash,0
2022-09-01 01:27:00,70,10042B8E8,1135,810DADD10,5657665.36,Mexican Peso,5657665.36,Mexican Peso,Cheque,0
2022-09-01 01:13:00,70,10042B8E8,245681,810E71A10,1822.07,Mexican Peso,1822.07,Mexican Peso,Cheque,0
2022-09-01 01:02:00,70,10042B8E8,245681,810E71A10,2050.28,Mexican Peso,2050.28,Mexican Peso,Credit Card,0
2022-09-01 01:26:00,70,10042B8E8,19,810FD9F10,57660.05,Mexican Peso,57660.05,Mexican Peso,Cheque,0
2022-09-01 01:18:00,70,10042B8E8,19,810FD9F10,27655.7,Mexican Peso,27655.7,Mexican Peso,Cash,0
2022-09-01 01:05:00,70,10042B8E8,113,8110C57F0,3145.64,Mexican Peso,3145.64,Mexican Peso,Cheque,0
2022-09-01 01:12:00,70,10042B8E8,113,8110C57F0,2577.33,Mexican Peso,2577.33,Mexican Peso,Cash,0
2022-09-01 01:14:00,70,10042B8E8,246140,8111B8B60,5947.73,Mexican Peso,5947.73,Mexican Peso,Cheque,0
2022-09-01 01:28:00,70,10042B8E8,246140,8111B8B60,10876.82,Mexican Peso,10876.82,Mexican Peso,Cash,0
2022-09-01 01:02:00,70,10042B8E8,46633,811265330,35291.97,Mexican Peso,35291.97,Mexican Peso,Cheque,0
2022-09-01 01:56:00,70,10042B7C8,18,80AFAC390,12269604.2,Ruble,12269604.2,Ruble,Cheque,0
2022-09-01 01:52:00,70,10042B7C8,18,80AFAC390,7839183.05,Ruble,7839183.05,Ruble,Cash,0
2022-09-01 01:44:00,70,10042B7C8,18,80B4E7F20,11677843.24,Ruble,11677843.24,Ruble,Cheque,0
2022-09-01 01:31:00,70,10042B7C8,18,80B4E7F20,975178.83,Ruble,975178.83,Ruble,Credit Card,0
2022-09-01 01:53:00,70,10042B7C8,18,80BAA1930,8381.25,Ruble,8381.25,Ruble,Cheque,0
2022-09-01 01:51:00,70,10042B7C8,18,80BAA1930,199.79,Ruble,199.79,Ruble,Credit Card,0
2022-09-01 01:38:00,70,10042B7C8,31879,80BE73A60,244145.3,Ruble,244145.3,Ruble,Cheque,0
2022-09-01 01:45:00,70,10042B7C8,27,80BFFBCD0,173334.55,Ruble,173334.55,Ruble,Cheque,0
2022-09-01 01:35:00,70,10042B7C8,16,80C01BF10,7740977.22,Ruble,7740977.22,Ruble,Cheque,0
2022-09-01 01:37:00,70,10042B7C8,16,80C01BF10,8552679.38,Ruble,8552679.38,Ruble,Cash,0
2022-09-01 01:48:00,70,10042B7C8,132407,80C0E8400,72318.48,Ruble,72318.48,Ruble,Cheque,0
2022-09-01 01:38:00,70,10042B7C8,132407,80C0E8400,52574.59,Ruble,52574.59,Ruble,Credit Card,0
2022-09-01 01:51:00,70,10042B7C8,16,80C100670,183182.79,Ruble,183182.79,Ruble,Cheque,0
2022-09-01 01:32:00,70,10042B7C8,230595,80C1046C0,221949.87,Ruble,221949.87,Ruble,Cheque,0
2022-09-01 01:47:00,70,10042B7C8,230595,80C1046C0,128174.73,Ruble,128174.73,Ruble,Credit Card,0
2022-09-01 01:53:00,70,10042B7C8,132849,80C10EBC0,650184.25,Ruble,650184.25,Ruble,Cheque,0
2022-09-01 01:45:00,70,10042B7C8,132849,80C10EBC0,2870.2,Ruble,2870.2,Ruble,Credit Card,0
2022-09-01 01:57:00,70,10042B7C8,131036,80C144EC0,13181.75,Ruble,13181.75,Ruble,Cheque,0
2022-09-01 01:49:00,70,10042B7C8,131036,80C144EC0,64382.7,Ruble,64382.7,Ruble,Credit Card,0
2022-09-01 01:44:00,70,10042B7C8,131036,80C144EC0,9315.28,Ruble,9315.28,Ruble,Cash,0
2022-09-01 01:38:00,70,10042B810,233064,80C440890,32332.14,UK Pound,32332.14,UK Pound,Cheque,0
2022-09-01 01:38:00,70,10042B810,233064,80C440890,17686.68,UK Pound,17686.68,UK Pound,Credit Card,0
2022-09-01 01:50:00,70,10042B810,24,80C4A0680,670.7,UK Pound,670.7,UK Pound,Cheque,0
2022-09-01 01:57:00,70,10042B810,24,80C4A0680,136.7,UK Pound,136.7,UK Pound,Credit Card,0
2022-09-01 01:55:00,70,10042B810,232857,80C730CC0,133.99,UK Pound,133.99,UK Pound,Cheque,0
2022-09-01 01:37:00,70,10042B810,232857,80C730CC0,22.28,UK Pound,22.28,UK Pound,Credit Card,0
2022-09-01 01:51:00,70,10042B810,232857,80C730CC0,21.49,UK Pound,21.49,UK Pound,Cash,0
2022-09-01 01:56:00,70,10042B810,33858,80C758930,225.97,UK Pound,225.97,UK Pound,Cheque,0
2022-09-01 01:31:00,70,10042B810,33858,80C758930,71.23,UK Pound,71.23,UK Pound,Credit Card,0
2022-09-01 01:40:00,70,10042B810,233674,80C994690,298.26,UK Pound,298.26,UK Pound,Cheque,0
2022-09-01 01:37:00,70,10042B810,233674,80C994690,244.39,UK Pound,244.39,UK Pound,Credit Card,0
2022-09-01 01:58:00,70,10042B810,134053,80CB7D610,7259.11,UK Pound,7259.11,UK Pound,Cheque,0
2022-09-01 01:31:00,70,10042B810,134053,80CB7D610,3097.65,UK Pound,3097.65,UK Pound,Credit Card,0
2022-09-01 01:55:00,70,10042B810,133159,813296430,123574.07,UK Pound,123574.07,UK Pound,Cheque,0
2022-09-01 01:52:00,70,10042B8E8,14,810D880B0,5301.74,Mexican Peso,5301.74,Mexican Peso,Cheque,0
2022-09-01 01:45:00,70,10042B8E8,14,810D880B0,4689.58,Mexican Peso,4689.58,Mexican Peso,Credit Card,0
2022-09-01 01:46:00,70,10042B8E8,14,810EA1E90,6655.32,Mexican Peso,6655.32,Mexican Peso,Cheque,0
2022-09-01 01:32:00,70,10042B8E8,245729,810FAF8D0,126652.59,Mexican Peso,126652.59,Mexican Peso,Cheque,0
2022-09-01 01:41:00,70,10042B8E8,245729,810FAF8D0,25880.92,Mexican Peso,25880.92,Mexican Peso,Cash,0
2022-09-01 01:43:00,70,10042B8E8,46152,81106C400,53209.34,Mexican Peso,53209.34,Mexican Peso,Cheque,0
2022-09-01 01:38:00,70,10042B8E8,46152,81106C400,54258.49,Mexican Peso,54258.49,Mexican Peso,Cash,0
2022-09-01 01:42:00,70,10042B8E8,246140,81113EE20,7437.52,Mexican Peso,7437.52,Mexican Peso,Cheque,0
2022-09-01 01:56:00,70,10042B8E8,215,811140E70,261221.82,Mexican Peso,261221.82,Mexican Peso,Cheque,0
2022-09-01 01:33:00,70,10042B8E8,215,811140E70,208589.23,Mexican Peso,208589.23,Mexican Peso,Cash,0
2022-09-01 01:48:00,70,10042B8E8,246140,81114F4E0,12535.18,Mexican Peso,12535.18,Mexican Peso,Cheque,0
2022-09-01 01:55:00,70,10042B8E8,246140,81114F4E0,17681.76,Mexican Peso,17681.76,Mexican Peso,Credit Card,0
2022-09-01 01:50:00,70,10042B8E8,46633,81129CDB0,41183.24,Mexican Peso,41183.24,Mexican Peso,Cheque,0
2022-09-01 01:57:00,70,10042B8E8,46633,81129CDB0,7754.54,Mexican Peso,7754.54,Mexican Peso,Cash,0
2022-09-01 02:27:00,70,10042B7C8,19,80B065500,38636.85,Ruble,38636.85,Ruble,Cheque,0
2022-09-01 02:13:00,70,10042B7C8,19,80B065500,3661.18,Ruble,3661.18,Ruble,Cash,0
2022-09-01 02:28:00,70,10042B7C8,285,80B4FAAE0,231688.8,Ruble,231688.8,Ruble,Cheque,0
2022-09-01 02:00:00,70,10042B7C8,285,80B4FAAE0,343551.04,Ruble,343551.04,Ruble,Credit Card,0
2022-09-01 02:12:00,70,10042B7C8,285,80B514150,23972.56,Ruble,23972.56,Ruble,Cheque,0
2022-09-01 02:06:00,70,10042B7C8,285,80B514150,1617.5,Ruble,1617.5,Ruble,Credit Card,0
2022-09-01 02:03:00,70,10042B7C8,27,80BCDA6B0,19195.73,Ruble,19195.73,Ruble,Cheque,0
2022-09-01 02:23:00,70,10042B7C8,27,80BCDA6B0,111421.11,Ruble,111421.11,Ruble,Credit Card,0
2022-09-01 02:13:00,70,10042B7C8,19,80BCF9DB0,119260.33,Ruble,119260.33,Ruble,Cheque,0
2022-09-01 02:27:00,70,10042B7C8,19,80BCF9DB0,17103.6,Ruble,17103.6,Ruble,Cash,0
2022-09-01 02:26:00,70,10042B7C8,30959,80BD13C80,7456.98,Ruble,7456.98,Ruble,Cheque,0
2022-09-01 02:24:00,70,10042B7C8,30959,80BD13C80,12194.39,Ruble,12194.39,Ruble,Credit Card,0
2022-09-01 02:07:00,70,10042B7C8,30959,80BAECE90,282273.64,Ruble,282273.64,Ruble,Cheque,0
2022-09-01 02:17:00,70,10042B7C8,30959,80BAECE90,733985.71,Ruble,733985.71,Ruble,Cash,0
2022-09-01 02:21:00,70,10042B7C8,230595,80BD4C420,11710.53,Ruble,11710.53,Ruble,Cheque,0
2022-09-01 02:27:00,70,10042B7C8,230595,80BD4C420,25819.53,Ruble,25819.53,Ruble,Cash,0
2022-09-01 02:05:00,70,10042B7C8,232081,80BF63FB0,7236.81,Ruble,7236.81,Ruble,Cheque,0
2022-09-01 02:29:00,70,10042B7C8,232081,80BF63FB0,3805.68,Ruble,3805.68,Ruble,Credit Card,0
2022-09-01 02:02:00,70,10042B7C8,132425,80BF9CA30,16088209.15,Ruble,16088209.15,Ruble,Cheque,0
2022-09-01 02:24:00,70,10042B7C8,132425,80BF9CA30,712378.2,Ruble,712378.2,Ruble,Credit Card,0
2022-09-01 02:06:00,70,10042B7C8,30959,80BF9F1B0,439697.3,Ruble,439697.3,Ruble,Cheque,0
2022-09-01 02:16:00,70,10042B7C8,30959,80BF9F1B0,1230902.0,Ruble,1230902.0,Ruble,Credit Card,0
2022-09-01 02:10:00,70,10042B7C8,30959,80BF9F1B0,864591.64,Ruble,864591.64,Ruble,Cash,0
2022-09-01 02:07:00,70,10042B7C8,16,80BFD1F50,9682.58,Ruble,9682.58,Ruble,Cheque,0
2022-09-01 02:09:00,70,10042B7C8,132425,80C024FE0,1231201.17,Ruble,1231201.17,Ruble,Cheque,0
2022-09-01 02:18:00,70,10042B7C8,30959,80C09F320,42301.62,Ruble,42301.62,Ruble,Cheque,0
2022-09-01 02:19:00,70,10042B7C8,30959,80C09F320,17095.35,Ruble,17095.35,Ruble,Credit Card,0
2022-09-01 02:02:00,70,10042B7C8,232544,8128F0410,676946.47,Ruble,676946.47,Ruble,Credit Card,0
2022-09-01 02:19:00,70,10042B7C8,232544,8128F0410,338381.2,Ruble,338381.2,Ruble,Cash,0
2022-09-01 02:26:00,70,10042B810,133372,80C4B7CC0,3021.61,UK Pound,3021.61,UK Pound,Cheque,0
2022-09-01 02:25:00,70,10042B810,33846,80C8F37C0,49471.12,UK Pound,49471.12,UK Pound,Cheque,0
2022-09-01 02:06:00,70,10042B810,33846,80C8F37C0,10005.09,UK Pound,10005.09,UK Pound,Credit Card,0
2022-09-01 02:02:00,70,10042B810,134053,80C9CEBC0,2264.1,UK Pound,2264.1,UK Pound,Cheque,0
2022-09-01 02:14:00,70,10042B810,134053,80C9CEBC0,152.47,UK Pound,152.47,UK Pound,Credit Card,0
2022-09-01 02:13:00,70,10042B810,133372,80CB02E10,2983.01,UK Pound,2983.01,UK Pound,Cheque,0
2022-09-01 02:08:00,70,10042B810,133372,80CB02E10,1014.67,UK Pound,1014.67,UK Pound,Cash,0
2022-09-01 02:19:00,70,10042B810,34293,80CBBEF60,5619.87,UK Pound,5619.87,UK Pound,Cheque,0
2022-09-01 02:24:00,70,10042B810,34293,80CBBEF60,6548.98,UK Pound,6548.98,UK Pound,Credit Card,0
2022-09-01 02:13:00,70,10042B810,233674,80CF442B0,387756.93,UK Pound,387756.93,UK Pound,Cheque,0
2022-09-01 02:10:00,70,10042B810,134598,80CF7E8E0,899.02,UK Pound,899.02,UK Pound,Cheque,0
2022-09-01 02:09:00,70,10042B810,134598,80CF7E8E0,52.73,UK Pound,52.73,UK Pound,Credit Card,0
2022-09-01 02:19:00,70,10042B810,134598,80CF7E8E0,9.74,UK Pound,9.74,UK Pound,Cash,0
2022-09-01 02:13:00,70,10042B810,134489,80CFB8C70,82493.91,UK Pound,82493.91,UK Pound,Cheque,0
2022-09-01 02:01:00,70,10042B810,134489,80CFB8C70,21425.8,UK Pound,21425.8,UK Pound,Cash,0
2022-09-01 02:00:00,70,10042B810,233674,80C9985C0,1303.41,UK Pound,1303.41,UK Pound,Cheque,0
2022-09-01 02:20:00,70,10042B810,233674,80C9985C0,1873.71,UK Pound,1873.71,UK Pound,Credit Card,0
2022-09-01 02:07:00,70,10042B8E8,13,810E8A700,123203233.57,Mexican Peso,123203233.57,Mexican Peso,Cheque,0
2022-09-01 02:26:00,70,10042B8E8,13,810E8A700,466967.57,Mexican Peso,466967.57,Mexican Peso,Credit Card,0
2022-09-01 02:21:00,70,10042B8E8,13,810E8A700,35982485.36,Mexican Peso,35982485.36,Mexican Peso,Cash,0
2022-09-01 02:13:00,70,10042B8E8,245768,810F1D840,899.05,Mexican Peso,899.05,Mexican Peso,Cheque,0
2022-09-01 02:13:00,70,10042B8E8,245768,810F1D840,3938.84,Mexican Peso,3938.84,Mexican Peso,Credit Card,0
2022-09-01 02:29:00,70,10042B8E8,146341,8110B87D0,36068.26,Mexican Peso,36068.26,Mexican Peso,Cheque,0
2022-09-01 02:04:00,70,10042B8E8,146341,81114A560,35914181.14,Mexican Peso,35914181.14,Mexican Peso,Cheque,0
2022-09-01 02:01:00,70,10042B8E8,46152,8111A4880,263694335.87,Mexican Peso,263694335.87,Mexican Peso,Cheque,0
2022-09-01 02:04:00,70,10042B8E8,46152,8111A4880,162250644.92,Mexican Peso,162250644.92,Mexican Peso,Cash,0
2022-09-01 02:52:00,70,10042B7C8,27,80AD06F90,658796.19,Ruble,658796.19,Ruble,Cheque,0
2022-09-01 02:43:00,70,10042B7C8,285,80B47DD70,873654.22,Ruble,873654.22,Ruble,Cheque,0
2022-09-01 02:46:00,70,10042B7C8,285,80B47DD70,528689.2,Ruble,528689.2,Ruble,Cash,0
2022-09-01 02:41:00,70,10042B7C8,19,80BE5FAC0,1317409.7,Ruble,1317409.7,Ruble,Cheque,0
2022-09-01 02:47:00,70,10042B7C8,19,80BE5FAC0,597854.93,Ruble,597854.93,Ruble,Credit Card,0
2022-09-01 02:51:00,70,10042B7C8,19,80BE5FAC0,2884727.34,Ruble,2884727.34,Ruble,Cash,0
2022-09-01 02:37:00,70,10042B7C8,32755,80C11CAC0,45590849.96,Ruble,45590849.96,Ruble,Cheque,0
2022-09-01 02:55:00,70,10042B7C8,32755,80C11CAC0,1974121.98,Ruble,1974121.98,Ruble,Credit Card,0
2022-09-01 02:54:00,70,10042B7C8,32755,80C11CAC0,32489608.03,Ruble,32489608.03,Ruble,Cash,0
2022-09-01 02:56:00,70,10042B7C8,132556,80C16ADD0,660277.75,Ruble,660277.75,Ruble,Cheque,0
2022-09-01 02:45:00,70,10042B7C8,132556,80C16ADD0,350260.53,Ruble,350260.53,Ruble,Credit Card,0
2022-09-01 02:46:00,70,10042B7C8,132556,80C16ADD0,233074.26,Ruble,233074.26,Ruble,Cash,0
2022-09-01 02:59:00,70,10042B7C8,232125,80C198A10,58111.53,Ruble,58111.53,Ruble,Cheque,0
2022-09-01 02:32:00,70,10042B7C8,232125,80C198A10,50940.44,Ruble,50940.44,Ruble,Credit Card,0
2022-09-01 02:43:00,70,10042B7C8,232125,80C198A10,20850.0,Ruble,20850.0,Ruble,Cash,0
2022-09-01 02:40:00,70,10042B810,232857,80C28B370,2033.9,UK Pound,2033.9,UK Pound,Cheque,0
2022-09-01 02:35:00,70,10042B810,232857,80C28B370,443.37,UK Pound,443.37,UK Pound,Credit Card,0
2022-09-01 02:38:00,70,10042B810,232857,80C37B1C0,107.41,UK Pound,107.41,UK Pound,Cheque,0
2022-09-01 02:47:00,70,10042B810,232857,80C37B1C0,44.2,UK Pound,44.2,UK Pound,Credit Card,0
2022-09-01 02:54:00,70,10042B810,232857,80C37B1C0,36.8,UK Pound,36.8,UK Pound,Cash,0
2022-09-01 02:53:00,70,10042B810,33370,80C411FD0,179.39,UK Pound,179.39,UK Pound,Cheque,0
2022-09-01 02:51:00,70,10042B810,33370,80C411FD0,10.21,UK Pound,10.21,UK Pound,Credit Card,0
2022-09-01 02:55:00,70,10042B810,33370,80C411FD0,15.52,UK Pound,15.52,UK Pound,Cash,0
2022-09-01 02:30:00,70,10042B810,133159,80C416170,552.51,UK Pound,552.51,UK Pound,Cheque,0
2022-09-01 02:54:00,70,10042B810,133159,80C416170,354.35,UK Pound,354.35,UK Pound,Credit Card,0
2022-09-01 02:45:00,70,10042B810,133159,80C4CFBC0,1583.31,UK Pound,1583.31,UK Pound,Cheque,0
2022-09-01 02:55:00,70,10042B810,133159,80C4CFBC0,2368.13,UK Pound,2368.13,UK Pound,Credit Card,0
2022-09-01 02:52:00,70,10042B810,133159,80C4CFBC0,2178.61,UK Pound,2178.61,UK Pound,Cash,0
2022-09-01 02:30:00,70,10042B810,24,80C8C6EA0,517.84,UK Pound,517.84,UK Pound,Cheque,0
2022-09-01 02:58:00,70,10042B810,24,80C8C6EA0,200.23,UK Pound,200.23,UK Pound,Credit Card,0
2022-09-01 02:33:00,70,10042B810,233282,80CA06AB0,4605.6,UK Pound,4605.6,UK Pound,Cheque,0
2022-09-01 02:47:00,70,10042B810,234614,80CF5F490,5266.64,UK Pound,5266.64,UK Pound,Cheque,0
2022-09-01 02:45:00,70,10042B810,234614,80CF5F490,5870.61,UK Pound,5870.61,UK Pound,Credit Card,0
2022-09-01 02:50:00,70,10042B810,234614,80CF5F490,1099.47,UK Pound,1099.47,UK Pound,Cash,0
2022-09-01 02:48:00,70,10042B8E8,14,810D96750,166370.95,Mexican Peso,166370.95,Mexican Peso,Cheque,0
2022-09-01 02:41:00,70,10042B8E8,14,810D96750,436863.7,Mexican Peso,436863.7,Mexican Peso,Credit Card,0
2022-09-01 02:48:00,70,10042B8E8,215,810DF2730,4993.63,Mexican Peso,4993.63,Mexican Peso,Cheque,0
2022-09-01 02:54:00,70,10042B8E8,215,810DF2730,7633.28,Mexican Peso,7633.28,Mexican Peso,Credit Card,0
2022-09-01 02:44:00,70,10042B8E8,215,810E28BB0,101110.95,Mexican Peso,101110.95,Mexican Peso,Cheque,0
2022-09-01 02:58:00,70,10042B8E8,215,810E28BB0,60072.48,Mexican Peso,60072.48,Mexican Peso,Cash,0
2022-09-01 02:54:00,70,10042B8E8,19,811160980,668833.38,Mexican Peso,668833.38,Mexican Peso,Cheque,0
2022-09-01 02:36:00,70,10042B8E8,19,811160980,109015.9,Mexican Peso,109015.9,Mexican Peso,Cash,0
2022-09-01 02:44:00,70,10042B8E8,246140,811274500,114946.94,Mexican Peso,114946.94,Mexican Peso,Cheque,0
2022-09-01 02:30:00,70,10042B8E8,246140,811274500,6575.36,Mexican Peso,6575.36,Mexican Peso,Cash,0
2022-09-01 02:40:00,70,10042B8E8,46781,8112E3A40,3059.17,Mexican Peso,3059.17,Mexican Peso,Cheque,0
2022-09-01 02:40:00,70,10042B8E8,113,8112EB6F0,1254.51,Mexican Peso,1254.51,Mexican Peso,Cheque,0
2022-09-01 02:33:00,70,10042B8E8,113,8112EB6F0,2426.9,Mexican Peso,2426.9,Mexican Peso,Credit Card,0
2022-09-01 02:41:00,70,10042B8E8,46152,8113AB840,3099.72,Mexican Peso,3099.72,Mexican Peso,Cheque,0
2022-09-01 02:45:00,70,10042B8E8,46152,8113AB840,9498.26,Mexican Peso,9498.26,Mexican Peso,Credit Card,0
2022-09-01 02:46:00,70,10042B8E8,215,8114268A0,1473.51,Mexican Peso,1473.51,Mexican Peso,Cheque,0
2022-09-01 02:33:00,70,10042B8E8,215,8114268A0,346.69,Mexican Peso,346.69,Mexican Peso,Credit Card,0
2022-09-01 02:59:00,70,10042B8E8,46428,8154E4630,4372599.89,Mexican Peso,4372599.89,Mexican Peso,Cheque,0
2022-09-01 02:37:00,70,10042B8E8,46428,8154E4630,52570.86,Mexican Peso,52570.86,Mexican Peso,Credit Card,0
2022-09-01 02:33:00,70,10042B8E8,46428,8154E4630,5696075.64,Mexican Peso,5696075.64,Mexican Peso,Cash,0
2022-09-01 03:00:00,70,10042B7C8,16,80AFE59C0,2036185.54,Ruble,2036185.54,Ruble,Cheque,0
2022-09-01 03:05:00,70,10042B7C8,285,80B0791E0,133485.95,Ruble,133485.95,Ruble,Cheque,0
2022-09-01 03:16:00,70,10042B7C8,285,80B0791E0,191403.48,Ruble,191403.48,Ruble,Credit Card,0
2022-09-01 03:05:00,70,10042B7C8,23,80B4E2240,5453.28,Ruble,5453.28,Ruble,Cheque,0
2022-09-01 03:24:00,70,10042B7C8,23,80B4E2240,16958.04,Ruble,16958.04,Ruble,Credit Card,0
2022-09-01 03:01:00,70,10042B7C8,32245,80BD58830,21668.44,Ruble,21668.44,Ruble,Cheque,0
2022-09-01 03:21:00,70,10042B7C8,27,80BE99CF0,941619.39,Ruble,941619.39,Ruble,Cheque,0
2022-09-01 03:04:00,70,10042B7C8,27,80BE99CF0,818105.81,Ruble,818105.81,Ruble,Credit Card,0
2022-09-01 03:08:00,70,10042B7C8,132300,80C0E7D20,543076.36,Ruble,543076.36,Ruble,Cheque,0
2022-09-01 03:28:00,70,10042B7C8,132300,80C0E7D20,2237.83,Ruble,2237.83,Ruble,Credit Card,0
2022-09-01 03:20:00,70,10042B7C8,132776,80C1F0140,1436535.64,Ruble,1436535.64,Ruble,Cheque,0
2022-09-01 03:13:00,70,10042B7C8,132776,80C1F0140,1059171.31,Ruble,1059171.31,Ruble,Credit Card,0
2022-09-01 03:27:00,70,10042B7C8,132776,80C1F0140,2072154.71,Ruble,2072154.71,Ruble,Cash,0
2022-09-01 03:26:00,70,10042B7C8,232452,80EA53470,330960.53,Ruble,330960.53,Ruble,Cheque,0
2022-09-01 03:10:00,70,10042B7C8,232452,80EA53470,198235.9,Ruble,198235.9,Ruble,Credit Card,0
2022-09-01 03:18:00,70,10042B7C8,232452,80EA53470,279103.59,Ruble,279103.59,Ruble,Cash,0
2022-09-01 03:15:00,70,10042B810,29,80C21EF60,19096.65,UK Pound,19096.65,UK Pound,Cheque,0
2022-09-01 03:13:00,70,10042B810,29,80C21EF60,451.06,UK Pound,451.06,UK Pound,Credit Card,0
2022-09-01 03:15:00,70,10042B810,29,80C21EF60,378.95,UK Pound,378.95,UK Pound,Cash,0
2022-09-01 03:02:00,70,10042B810,133372,80C396FD0,20751.27,UK Pound,20751.27,UK Pound,Cheque,0
2022-09-01 03:05:00,70,10042B810,133372,80C396FD0,13299.73,UK Pound,13299.73,UK Pound,Credit Card,0
2022-09-01 03:22:00,70,10042B810,133372,80C396FD0,42456.72,UK Pound,42456.72,UK Pound,Cash,0
2022-09-01 03:08:00,70,10042B810,33370,80C3BD6D0,3132.57,UK Pound,3132.57,UK Pound,Cheque,0
2022-09-01 03:29:00,70,10042B810,33370,80C3BD6D0,2751.41,UK Pound,2751.41,UK Pound,Credit Card,0
2022-09-01 03:28:00,70,10042B810,33370,80C3BD6D0,721.57,UK Pound,721.57,UK Pound,Cash,0
2022-09-01 03:03:00,70,10042B810,233186,80C3830C0,206.79,UK Pound,206.79,UK Pound,Cheque,0
2022-09-01 03:03:00,70,10042B810,233186,80C3830C0,64.03,UK Pound,64.03,UK Pound,Credit Card,0
2022-09-01 03:23:00,70,10042B810,29,80C49CBD0,166.42,UK Pound,166.42,UK Pound,Cheque,0
2022-09-01 03:17:00,70,10042B810,29,80C49CBD0,218.25,UK Pound,218.25,UK Pound,Cash,0
2022-09-01 03:00:00,70,10042B810,33370,80C4A6F20,492.02,UK Pound,492.02,UK Pound,Cheque,0
2022-09-01 03:06:00,70,10042B810,33370,80C4A6F20,443.37,UK Pound,443.37,UK Pound,Credit Card,0
2022-09-01 03:17:00,70,10042B810,33370,80C4A6F20,213.85,UK Pound,213.85,UK Pound,Cash,0
2022-09-01 03:15:00,70,10042B810,232857,80C6C8F90,15.38,UK Pound,15.38,UK Pound,Cheque,0
2022-09-01 03:03:00,70,10042B810,232857,80C6C8F90,4.08,UK Pound,4.08,UK Pound,Credit Card,0
2022-09-01 03:22:00,70,10042B810,232857,80C6C8F90,3.93,UK Pound,3.93,UK Pound,Cash,0
2022-09-01 03:26:00,70,10042B810,29,80C72D210,1746.31,UK Pound,1746.31,UK Pound,Cheque,0
2022-09-01 03:28:00,70,10042B810,29,80C72D210,8086.72,UK Pound,8086.72,UK Pound,Cash,0
2022-09-01 03:11:00,70,10042B810,8,80C931850,693.99,UK Pound,693.99,UK Pound,Cheque,0
2022-09-01 03:07:00,70,10042B810,34293,80C995820,105.58,UK Pound,105.58,UK Pound,Cheque,0
2022-09-01 03:10:00,70,10042B810,34293,80C995820,141.89,UK Pound,141.89,UK Pound,Credit Card,0
2022-09-01 03:21:00,70,10042B810,233064,80CA16A20,746.72,UK Pound,746.72,UK Pound,Cheque,0
2022-09-01 03:07:00,70,10042B810,233064,80CA16A20,1298.81,UK Pound,1298.81,UK Pound,Credit Card,0
2022-09-01 03:23:00,70,10042B810,24,80CBB14D0,3149.65,UK Pound,3149.65,UK Pound,Credit Card,0
2022-09-01 03:00:00,70,10042B810,24,80CBB14D0,6107.52,UK Pound,6107.52,UK Pound,Cash,0
2022-09-01 03:01:00,70,10042B810,233186,80CF25550,23945.65,UK Pound,23945.65,UK Pound,Cheque,0
2022-09-01 03:01:00,70,10042B810,233186,80CF25550,10275.19,UK Pound,10275.19,UK Pound,Credit Card,0
2022-09-01 03:09:00,70,10042B810,233186,80CF25550,3977.32,UK Pound,3977.32,UK Pound,Cash,0
2022-09-01 03:26:00,70,10042B810,234142,8134930E0,1222.6,UK Pound,1222.6,UK Pound,Cheque,0
2022-09-01 03:29:00,70,10042B810,234142,8134930E0,308.31,UK Pound,308.31,UK Pound,Credit Card,0
2022-09-01 03:14:00,70,10042B810,35371,8177E11A0,130811.5,UK Pound,130811.5,UK Pound,Cheque,0
2022-09-01 03:21:00,70,10042B810,35371,8177E11A0,33377.3,UK Pound,33377.3,UK Pound,Cash,0
2022-09-01 03:02:00,70,10042B810,234142,81A1AD390,7129.99,UK Pound,7129.99,UK Pound,Cheque,0
2022-09-01 03:18:00,70,10042B8E8,41014,810BEB570,10695.32,Mexican Peso,10695.32,Mexican Peso,Cheque,0
2022-09-01 03:20:00,70,10042B8E8,41014,810BEB570,2654.71,Mexican Peso,2654.71,Mexican Peso,Cash,0
2022-09-01 03:16:00,70,10042B8E8,13,810D7DC00,4693.88,Mexican Peso,4693.88,Mexican Peso,Cheque,0
2022-09-01 03:03:00,70,10042B8E8,13,810D7DC00,339.35,Mexican Peso,339.35,Mexican Peso,Credit Card,0
2022-09-01 03:18:00,70,10042B8E8,245681,810E5DF60,9398.47,Mexican Peso,9398.47,Mexican Peso,Cheque,0
2022-09-01 03:02:00,70,10042B8E8,245681,810E5DF60,68921.07,Mexican Peso,68921.07,Mexican Peso,Credit Card,0
2022-09-01 03:11:00,70,10042B8E8,19,810F11060,22892.48,Mexican Peso,22892.48,Mexican Peso,Cheque,0
2022-09-01 03:00:00,70,10042B8E8,19,810F11060,30430.97,Mexican Peso,30430.97,Mexican Peso,Credit Card,0
2022-09-01 03:03:00,70,10042B8E8,215,8110BFEA0,383493.82,Mexican Peso,383493.82,Mexican Peso,Cheque,0
2022-09-01 03:10:00,70,10042B8E8,215,8110BFEA0,3110.26,Mexican Peso,3110.26,Mexican Peso,Credit Card,0
2022-09-01 03:16:00,70,10042B8E8,245729,811155550,21442833.85,Mexican Peso,21442833.85,Mexican Peso,Cheque,0
2022-09-01 03:01:00,70,10042B8E8,245729,811155550,632590.92,Mexican Peso,632590.92,Mexican Peso,Credit Card,0
2022-09-01 03:16:00,70,10042B8E8,245729,811155550,19164837.37,Mexican Peso,19164837.37,Mexican Peso,Cash,0
2022-09-01 03:03:00,70,10042B8E8,245772,81115BC80,2563.74,Mexican Peso,2563.74,Mexican Peso,Cheque,0
2022-09-01 03:04:00,70,10042B8E8,146768,8112AD920,179245.91,Mexican Peso,179245.91,Mexican Peso,Cheque,0
2022-09-01 03:15:00,70,10042B8E8,45907,81130AFE0,2329.23,Mexican Peso,2329.23,Mexican Peso,Cheque,0
2022-09-01 03:00:00,70,10042B8E8,45907,81130AFE0,4421.78,Mexican Peso,4421.78,Mexican Peso,Credit Card,0
2022-09-01 03:27:00,70,10042B8E8,45907,81130AFE0,75.9,Mexican Peso,75.9,Mexican Peso,Cash,0
2022-09-01 03:09:00,70,10042B8E8,113,811446D30,77136183.43,Mexican Peso,77136183.43,Mexican Peso,Cheque,0
2022-09-01 03:06:00,70,10042B8E8,113,811446D30,383153.88,Mexican Peso,383153.88,Mexican Peso,Credit Card,0
2022-09-01 03:23:00,70,10042B8E8,113,811446D30,83087438.28,Mexican Peso,83087438.28,Mexican Peso,Cash,0
2022-09-01 03:46:00,70,10042B7C8,18,80AF9B5A0,15428.55,Ruble,15428.55,Ruble,Cheque,0
2022-09-01 03:47:00,70,10042B7C8,18,80AF9B5A0,74536.28,Ruble,74536.28,Ruble,Cash,0
2022-09-01 03:37:00,70,10042B7C8,23,80AFD79A0,147779.04,Ruble,147779.04,Ruble,Cheque,0
2022-09-01 03:48:00,70,10042B7C8,23,80AFD79A0,124871.48,Ruble,124871.48,Ruble,Credit Card,0
2022-09-01 03:33:00,70,10042B7C8,23,80AFD79A0,12036.88,Ruble,12036.88,Ruble,Cash,0
2022-09-01 03:48:00,70,10042B7C8,23,80AFE2DF0,33729.17,Ruble,33729.17,Ruble,Cheque,0
2022-09-01 03:51:00,70,10042B7C8,23,80AFE2DF0,48252.05,Ruble,48252.05,Ruble,Credit Card,0
2022-09-01 03:37:00,70,10042B7C8,18,80B532D20,13760.49,Ruble,13760.49,Ruble,Cheque,0
2022-09-01 03:52:00,70,10042B7C8,18,80B532D20,2464.5,Ruble,2464.5,Ruble,Cash,0
2022-09-01 03:45:00,70,10042B7C8,27,80BAA27D0,8123.3,Ruble,8123.3,Ruble,Cheque,0
2022-09-01 03:39:00,70,10042B7C8,27,80BAA27D0,1846.76,Ruble,1846.76,Ruble,Cash,0
2022-09-01 03:37:00,70,10042B7C8,19,80BAC3660,4521.23,Ruble,4521.23,Ruble,Cheque,0
2022-09-01 03:36:00,70,10042B7C8,19,80BAC3660,5355.31,Ruble,5355.31,Ruble,Credit Card,0
2022-09-01 03:56:00,70,10042B7C8,27,80BCF2EC0,32061.41,Ruble,32061.41,Ruble,Cheque,0
2022-09-01 03:44:00,70,10042B7C8,27,80BCF2EC0,173205.46,Ruble,173205.46,Ruble,Credit Card,0
2022-09-01 03:43:00,70,10042B7C8,18,80BD3DA60,323066.46,Ruble,323066.46,Ruble,Cheque,0
2022-09-01 03:42:00,70,10042B7C8,132448,80C015CE0,30860545.99,Ruble,30860545.99,Ruble,Cheque,0
2022-09-01 03:59:00,70,10042B7C8,132448,80C015CE0,599361.33,Ruble,599361.33,Ruble,Credit Card,0
2022-09-01 03:54:00,70,10042B7C8,132448,80C015CE0,23960824.38,Ruble,23960824.38,Ruble,Cash,0
2022-09-01 03:33:00,70,10042B7C8,231975,80C180570,645644.4,Ruble,645644.4,Ruble,Cheque,0
2022-09-01 03:54:00,70,10042B7C8,231975,80C180570,37921.3,Ruble,37921.3,Ruble,Credit Card,0
2022-09-01 03:58:00,70,10042B7C8,231975,80C180570,7227.63,Ruble,7227.63,Ruble,Cash,0
2022-09-01 03:39:00,70,10042B810,29,80C2A3500,1089.35,UK Pound,1089.35,UK Pound,Cheque,0
2022-09-01 03:46:00,70,10042B810,29,80C2A3500,146.49,UK Pound,146.49,UK Pound,Credit Card,0
2022-09-01 03:57:00,70,10042B810,24,80C3B9480,382.38,UK Pound,382.38,UK Pound,Cheque,0
2022-09-01 03:53:00,70,10042B810,24,80C3B9480,864.25,UK Pound,864.25,UK Pound,Credit Card,0
2022-09-01 03:54:00,70,10042B810,232857,80C419ED0,204.65,UK Pound,204.65,UK Pound,Cheque,0
2022-09-01 03:56:00,70,10042B810,232857,80C419ED0,265.54,UK Pound,265.54,UK Pound,Credit Card,0
2022-09-01 03:34:00,70,10042B810,29,80C425BE0,37126285.03,UK Pound,37126285.03,UK Pound,Cheque,0
2022-09-01 03:48:00,70,10042B810,29,80C425BE0,15720.82,UK Pound,15720.82,UK Pound,Credit Card,0
2022-09-01 03:35:00,70,10042B810,29,80C425BE0,8969783.25,UK Pound,8969783.25,UK Pound,Cash,0
2022-09-01 03:58:00,70,10042B810,233064,80C715DC0,178764.44,UK Pound,178764.44,UK Pound,Cheque,0
2022-09-01 03:49:00,70,10042B810,233064,80C715DC0,3803.48,UK Pound,3803.48,UK Pound,Credit Card,0
2022-09-01 03:50:00,70,10042B810,233064,80C715DC0,365002.69,UK Pound,365002.69,UK Pound,Cash,0
2022-09-01 03:54:00,70,10042B810,8,80C8E1950,102.43,UK Pound,102.43,UK Pound,Cheque,0
2022-09-01 03:37:00,70,10042B810,234165,80CA59EB0,9727.91,UK Pound,9727.91,UK Pound,Cheque,0
2022-09-01 03:35:00,70,10042B810,234165,80CA59EB0,6183.59,UK Pound,6183.59,UK Pound,Cash,0
2022-09-01 03:45:00,70,10042B810,33370,81B0FA350,678.22,UK Pound,678.22,UK Pound,Cheque,0
2022-09-01 03:41:00,70,10042B810,33370,81B0FA350,1707.35,UK Pound,1707.35,UK Pound,Cash,0
2022-09-01 03:57:00,70,10042B8E8,215,810D93F10,11021.77,Mexican Peso,11021.77,Mexican Peso,Cheque,0
2022-09-01 03:57:00,70,10042B8E8,215,810D93F10,19591.78,Mexican Peso,19591.78,Mexican Peso,Credit Card,0
2022-09-01 03:40:00,70,10042B8E8,215,810EA0360,13050.17,Mexican Peso,13050.17,Mexican Peso,Cheque,0
2022-09-01 03:56:00,70,10042B8E8,215,810EA0360,3424.23,Mexican Peso,3424.23,Mexican Peso,Credit Card,0
2022-09-01 03:36:00,70,10042B8E8,14,810F34000,39.87,Mexican Peso,39.87,Mexican Peso,Cheque,0
2022-09-01 03:48:00,70,10042B8E8,14,810F34000,139.03,Mexican Peso,139.03,Mexican Peso,Cash,0
2022-09-01 03:44:00,70,10042B8E8,215,810F96860,24706.67,Mexican Peso,24706.67,Mexican Peso,Cheque,0
2022-09-01 03:36:00,70,10042B8E8,215,810F96860,60806.43,Mexican Peso,60806.43,Mexican Peso,Credit Card,0
2022-09-01 03:51:00,70,10042B8E8,215,810F96860,26273.29,Mexican Peso,26273.29,Mexican Peso,Cash,0
2022-09-01 03:42:00,70,10042B8E8,46152,81113DCB0,141153.5,Mexican Peso,141153.5,Mexican Peso,Cheque,0
2022-09-01 03:53:00,70,10042B8E8,46152,81113DCB0,262474.6,Mexican Peso,262474.6,Mexican Peso,Credit Card,0
2022-09-01 03:43:00,70,10042B8E8,246232,810F18BC0,328310.73,Mexican Peso,328310.73,Mexican Peso,Cheque,0
2022-09-01 03:38:00,70,10042B8E8,246232,810F18BC0,281432.48,Mexican Peso,281432.48,Mexican Peso,Credit Card,0
2022-09-01 03:32:00,70,10042B8E8,246232,810F18BC0,202667.99,Mexican Peso,202667.99,Mexican Peso,Cash,0
2022-09-01 03:58:00,70,10042B8E8,46228,811171C40,647.22,Mexican Peso,647.22,Mexican Peso,Cheque,0
2022-09-01 03:55:00,70,10042B8E8,13,8113B9850,876.07,Mexican Peso,876.07,Mexican Peso,Cheque,0
2022-09-01 03:36:00,70,10042B8E8,13,8113B9850,142.92,Mexican Peso,142.92,Mexican Peso,Credit Card,0
2022-09-01 03:40:00,70,10042B8E8,246269,811451DD0,2249.49,Mexican Peso,2249.49,Mexican Peso,Cheque,0
2022-09-01 03:48:00,70,10042B8E8,246269,811451DD0,1420.79,Mexican Peso,1420.79,Mexican Peso,Credit Card,0
2022-09-01 04:00:00,70,10042B7C8,18,800091AF0,15211.31,Ruble,15211.31,Ruble,Cheque,0
2022-09-01 04:21:00,70,10042B7C8,18,800091AF0,7762.18,Ruble,7762.18,Ruble,Cash,0
2022-09-01 04:19:00,70,10042B7C8,16,80B010BC0,186652.52,Ruble,186652.52,Ruble,Cheque,0
2022-09-01 04:04:00,70,10042B7C8,16,80B010BC0,8689.29,Ruble,8689.29,Ruble,Credit Card,0
2022-09-01 04:13:00,70,10042B7C8,23,80B4EB380,69910.04,Ruble,69910.04,Ruble,Cheque,0
2022-09-01 04:06:00,70,10042B7C8,23,80B4EB380,15607.15,Ruble,15607.15,Ruble,Credit Card,0
2022-09-01 04:26:00,70,10042B7C8,19,80BAB2CD0,815505.73,Ruble,815505.73,Ruble,Cheque,0
2022-09-01 04:14:00,70,10042B7C8,19,80BAB2CD0,93418.89,Ruble,93418.89,Ruble,Credit Card,0
2022-09-01 04:01:00,70,10042B7C8,31879,80BAC3110,124374.94,Ruble,124374.94,Ruble,Cheque,0
2022-09-01 04:01:00,70,10042B7C8,31879,80BAC3110,106512.14,Ruble,106512.14,Ruble,Cash,0
2022-09-01 04:00:00,70,10042B7C8,131036,80BACF730,460245.62,Ruble,460245.62,Ruble,Cheque,0
2022-09-01 04:03:00,70,10042B7C8,230595,80BCE03A0,666857769.55,Ruble,666857769.55,Ruble,Cheque,0
2022-09-01 04:26:00,70,10042B7C8,230595,80BCE03A0,1767822.7,Ruble,1767822.7,Ruble,Credit Card,0
2022-09-01 04:02:00,70,10042B7C8,230595,80BCE03A0,1018126372.86,Ruble,1018126372.86,Ruble,Cash,0
2022-09-01 04:04:00,70,10042B7C8,32245,80BD338F0,2593178.04,Ruble,2593178.04,Ruble,Cheque,0
2022-09-01 04:22:00,70,10042B7C8,32245,80BD338F0,1422299.82,Ruble,1422299.82,Ruble,Credit Card,0
2022-09-01 04:25:00,70,10042B7C8,32245,80BD338F0,571823.67,Ruble,571823.67,Ruble,Cash,0
2022-09-01 04:14:00,70,10042B7C8,131036,80BDE3680,12284.38,Ruble,12284.38,Ruble,Cheque,0
2022-09-01 04:29:00,70,10042B7C8,231975,80BE62E70,8183857.17,Ruble,8183857.17,Ruble,Cheque,0
2022-09-01 04:29:00,70,10042B7C8,232081,80C16A6B0,25958.31,Ruble,25958.31,Ruble,Cheque,0
2022-09-01 04:26:00,70,10042B7C8,232081,80C16A6B0,17484.12,Ruble,17484.12,Ruble,Credit Card,0
2022-09-01 04:11:00,70,10042B810,29,80C2A1290,904.46,UK Pound,904.46,UK Pound,Cheque,0
2022-09-01 04:17:00,70,10042B810,29,80C2A1290,416.88,UK Pound,416.88,UK Pound,Credit Card,0
2022-09-01 04:09:00,70,10042B810,233064,80C405460,3271.55,UK Pound,3271.55,UK Pound,Cheque,0
2022-09-01 04:07:00,70,10042B810,233064,80C405460,11978.06,UK Pound,11978.06,UK Pound,Credit Card,0
2022-09-01 04:04:00,70,10042B810,233064,80C405460,6414.28,UK Pound,6414.28,UK Pound,Cash,0
2022-09-01 04:22:00,70,10042B810,233186,80C431130,422.7,UK Pound,422.7,UK Pound,Cheque,0
2022-09-01 04:13:00,70,10042B810,233186,80C431130,90.61,UK Pound,90.61,UK Pound,Cash,0
2022-09-01 04:00:00,70,10042B810,25,80C70A7C0,9023.75,UK Pound,9023.75,UK Pound,Cheque,0
2022-09-01 04:28:00,70,10042B810,25,80C70A7C0,1763.15,UK Pound,1763.15,UK Pound,Credit Card,0
2022-09-01 04:28:00,70,10042B810,233601,80C6DC480,405.36,UK Pound,405.36,UK Pound,Cheque,0
2022-09-01 04:22:00,70,10042B810,233601,80C6DC480,5.55,UK Pound,5.55,UK Pound,Credit Card,0
2022-09-01 04:01:00,70,10042B810,233601,80C6DC480,4.8,UK Pound,4.8,UK Pound,Cash,0
2022-09-01 04:25:00,70,10042B810,232857,80C73A4D0,58.42,UK Pound,58.42,UK Pound,Cheque,0
2022-09-01 04:06:00,70,10042B810,232857,80C73A4D0,8.64,UK Pound,8.64,UK Pound,Cash,0
2022-09-01 04:14:00,70,10042B810,25,80C9247E0,628.66,UK Pound,628.66,UK Pound,Cheque,0
2022-09-01 04:19:00,70,10042B810,233186,80C957780,448.53,UK Pound,448.53,UK Pound,Cheque,0
2022-09-01 04:21:00,70,10042B810,233186,80C957780,876.8,UK Pound,876.8,UK Pound,Cash,0
2022-09-01 04:24:00,70,10042B810,29,80C9EF720,11779854.52,UK Pound,11779854.52,UK Pound,Cheque,0
2022-09-01 04:18:00,70,10042B810,29,80C9EF720,590639.66,UK Pound,590639.66,UK Pound,Cash,0
2022-09-01 04:06:00,70,10042B810,25,80CA5C8D0,356.62,UK Pound,356.62,UK Pound,Cheque,0
2022-09-01 04:19:00,70,10042B810,25,80CA5C8D0,507.38,UK Pound,507.38,UK Pound,Cash,0
2022-09-01 04:15:00,70,10042B810,133936,80CA6A060,3325.35,UK Pound,3325.35,UK Pound,Cheque,0
2022-09-01 04:07:00,70,10042B810,133936,80CA6A060,587.76,UK Pound,587.76,UK Pound,Credit Card,0
2022-09-01 04:29:00,70,10042B810,34293,80CBAE1F0,17.42,UK Pound,17.42,UK Pound,Cheque,0
2022-09-01 04:14:00,70,10042B810,34293,80CBAE1F0,17.96,UK Pound,17.96,UK Pound,Credit Card,0
2022-09-01 04:12:00,70,10042B810,34293,80CBAE1F0,1.4,UK Pound,1.4,UK Pound,Cash,0
2022-09-01 04:04:00,70,10042B810,35358,80E44F490,60.05,UK Pound,60.05,UK Pound,Cheque,0
2022-09-01 04:02:00,70,10042B810,25,80F14F630,251.35,UK Pound,251.35,UK Pound,Cheque,0
2022-09-01 04:19:00,70,10042B810,25,80F14F630,195.89,UK Pound,195.89,UK Pound,Credit Card,0
2022-09-01 04:14:00,70,10042B810,33858,8177DE730,422.49,UK Pound,422.49,UK Pound,Cheque,0
2022-09-01 04:21:00,70,10042B810,33858,8177DE730,668.17,UK Pound,668.17,UK Pound,Credit Card,0
2022-09-01 04:01:00,70,10042B8E8,13,810BF2A70,349197.78,Mexican Peso,349197.78,Mexican Peso,Cheque,0
2022-09-01 04:26:00,70,10042B8E8,19,810DF3F50,856960.08,Mexican Peso,856960.08,Mexican Peso,Cheque,0
2022-09-01 04:13:00,70,10042B8E8,19,810DF3F50,1577116.68,Mexican Peso,1577116.68,Mexican Peso,Cash,0
2022-09-01 04:19:00,70,10042B8E8,46228,8112632C0,47053.04,Mexican Peso,47053.04,Mexican Peso,Cheque,0
2022-09-01 04:01:00,70,10042B8E8,13,8112F8BB0,2511.32,Mexican Peso,2511.32,Mexican Peso,Cheque,0
2022-09-01 04:05:00,70,10042B8E8,13,8112F8BB0,789.05,Mexican Peso,789.05,Mexican Peso,Cash,0
2022-09-01 04:25:00,70,10042B8E8,245729,8113D3150,6822366.31,Mexican Peso,6822366.31,Mexican Peso,Cheque,0
2022-09-01 04:01:00,70,10042B8E8,245729,8113D3150,11343764.88,Mexican Peso,11343764.88,Mexican Peso,Cash,0
2022-09-01 04:11:00,70,10042B8E8,246574,8154E65F0,47476.39,Mexican Peso,47476.39,Mexican Peso,Cheque,0
2022-09-01 04:02:00,70,10042B8E8,246574,8154E65F0,13145.6,Mexican Peso,13145.6,Mexican Peso,Credit Card,0
2022-09-01 04:46:00,70,10042B7C8,16,80008B780,60759.08,Ruble,60759.08,Ruble,Cheque,0
2022-09-01 04:55:00,70,10042B7C8,16,80008B780,17419.64,Ruble,17419.64,Ruble,Credit Card,0
2022-09-01 04:34:00,70,10042B7C8,23,80AFA80E0,5667369.26,Ruble,5667369.26,Ruble,Cheque,0
2022-09-01 04:30:00,70,10042B7C8,16,80B4AF330,4806.58,Ruble,4806.58,Ruble,Cheque,0
2022-09-01 04:46:00,70,10042B7C8,16,80B4AF330,6255.09,Ruble,6255.09,Ruble,Credit Card,0
2022-09-01 04:37:00,70,10042B7C8,285,80B4E85E0,779286.7,Ruble,779286.7,Ruble,Cheque,0
2022-09-01 04:50:00,70,10042B7C8,285,80B4E85E0,264351.04,Ruble,264351.04,Ruble,Credit Card,0
2022-09-01 04:32:00,70,10042B7C8,285,80B4E85E0,278136.48,Ruble,278136.48,Ruble,Cash,0
2022-09-01 04:33:00,70,10042B7C8,18,80B54A630,4250438.6,Ruble,4250438.6,Ruble,Cheque,0
2022-09-01 04:42:00,70,10042B7C8,18,80B54A630,2231386.86,Ruble,2231386.86,Ruble,Credit Card,0
2022-09-01 04:38:00,70,10042B7C8,18,80B54A630,5931468.5,Ruble,5931468.5,Ruble,Cash,0
2022-09-01 04:50:00,70,10042B7C8,23,80BAE7750,28482.96,Ruble,28482.96,Ruble,Cheque,0
2022-09-01 04:49:00,70,10042B7C8,23,80BAE7750,11492.59,Ruble,11492.59,Ruble,Credit Card,0
2022-09-01 04:56:00,70,10042B7C8,31879,80BDF8630,15366.65,Ruble,15366.65,Ruble,Cheque,0
2022-09-01 04:45:00,70,10042B7C8,31879,80BDF8630,2634.09,Ruble,2634.09,Ruble,Credit Card,0
2022-09-01 04:34:00,70,10042B7C8,132556,80BF167D0,26520.31,Ruble,26520.31,Ruble,Cheque,0
2022-09-01 04:48:00,70,10042B7C8,132556,80BF167D0,102.15,Ruble,102.15,Ruble,Credit Card,0
2022-09-01 04:58:00,70,10042B7C8,132556,80C002210,7650.54,Ruble,7650.54,Ruble,Cheque,0
2022-09-01 04:40:00,70,10042B7C8,132556,80C002210,12624.58,Ruble,12624.58,Ruble,Credit Card,0
2022-09-01 04:59:00,70,10042B7C8,231975,80C119EE0,163128.03,Ruble,163128.03,Ruble,Cheque,0
2022-09-01 04:41:00,70,10042B7C8,231975,80C119EE0,80999.2,Ruble,80999.2,Ruble,Credit Card,0
2022-09-01 04:35:00,70,10042B810,8,800097660,1397.25,UK Pound,1397.25,UK Pound,Cheque,0
2022-09-01 04:33:00,70,10042B810,8,800097660,294.89,UK Pound,294.89,UK Pound,Credit Card,0
2022-09-01 04:57:00,70,10042B810,232857,80C2A8DE0,522995.45,UK Pound,522995.45,UK Pound,Cheque,0
2022-09-01 04:40:00,70,10042B810,232857,80C2A8DE0,154560.13,UK Pound,154560.13,UK Pound,Cash,0
2022-09-01 04:51:00,70,10042B810,24,80C40FCC0,887.53,UK Pound,887.53,UK Pound,Cheque,0
2022-09-01 04:30:00,70,10042B810,24,80C40FCC0,719.79,UK Pound,719.79,UK Pound,Credit Card,0
2022-09-01 04:57:00,70,10042B810,25,80C416810,1929.84,UK Pound,1929.84,UK Pound,Cheque,0
2022-09-01 04:35:00,70,10042B810,24,80C48A250,2475.59,UK Pound,2475.59,UK Pound,Cheque,0
2022-09-01 04:38:00,70,10042B810,24,80C48A250,1318.36,UK Pound,1318.36,UK Pound,Credit Card,0
2022-09-01 04:40:00,70,10042B810,24,80C48A250,298.1,UK Pound,298.1,UK Pound,Cash,0
2022-09-01 04:43:00,70,10042B810,233186,80C4A6550,1380.92,UK Pound,1380.92,UK Pound,Cheque,0
2022-09-01 04:32:00,70,10042B810,233186,80C4A6550,4319.47,UK Pound,4319.47,UK Pound,Credit Card,0
2022-09-01 04:44:00,70,10042B810,233064,80C740360,438.18,UK Pound,438.18,UK Pound,Cheque,0
2022-09-01 04:50:00,70,10042B810,233064,80C740360,1131.31,UK Pound,1131.31,UK Pound,Credit Card,0
2022-09-01 04:47:00,70,10042B810,33846,80C8846C0,4327.89,UK Pound,4327.89,UK Pound,Cheque,0
2022-09-01 04:47:00,70,10042B810,33846,80C8846C0,828.71,UK Pound,828.71,UK Pound,Cash,0
2022-09-01 04:56:00,70,10042B810,8,80CF8D650,35.54,UK Pound,35.54,UK Pound,Cheque,0
2022-09-01 04:45:00,70,10042B810,8,80CF8D650,10.55,UK Pound,10.55,UK Pound,Cash,0
2022-09-01 04:56:00,70,10042B810,134750,810E7AE70,7446.34,UK Pound,7446.34,UK Pound,Cheque,0
2022-09-01 04:38:00,70,10042B810,134750,810E7AE70,347.01,UK Pound,347.01,UK Pound,Credit Card,0
2022-09-01 04:37:00,70,10042B810,264834,817E6EE80,679.23,UK Pound,679.23,UK Pound,Cheque,0
2022-09-01 04:37:00,70,10042B810,264834,817E6EE80,533.04,UK Pound,533.04,UK Pound,Credit Card,0
2022-09-01 04:54:00,70,10042B8E8,13,8000B44A0,2063.99,Mexican Peso,2063.99,Mexican Peso,Cheque,0
2022-09-01 04:37:00,70,10042B8E8,13,8000B44A0,8468.59,Mexican Peso,8468.59,Mexican Peso,Credit Card,0
2022-09-01 04:55:00,70,10042B8E8,113,810D9E7E0,37852.11,Mexican Peso,37852.11,Mexican Peso,Cheque,0
2022-09-01 04:52:00,70,10042B8E8,113,810D9E7E0,4745.32,Mexican Peso,4745.32,Mexican Peso,Credit Card,0
2022-09-01 04:43:00,70,10042B8E8,45977,81103E0A0,6653.14,Mexican Peso,6653.14,Mexican Peso,Cheque,0
2022-09-01 04:35:00,70,10042B8E8,45977,81103E0A0,5617.12,Mexican Peso,5617.12,Mexican Peso,Cash,0
2022-09-01 04:48:00,70,10042B8E8,19,8110D00E0,158776.58,Mexican Peso,158776.58,Mexican Peso,Cheque,0
2022-09-01 04:51:00,70,10042B8E8,45977,8111280B0,64701.85,Mexican Peso,64701.85,Mexican Peso,Cheque,0
2022-09-01 04:43:00,70,10042B8E8,45977,8111280B0,16019.37,Mexican Peso,16019.37,Mexican Peso,Credit Card,0
2022-09-01 04:57:00,70,10042B8E8,41014,8111284C0,150183.45,Mexican Peso,150183.45,Mexican Peso,Cheque,0
2022-09-01 04:47:00,70,10042B8E8,41014,8111284C0,183430.36,Mexican Peso,183430.36,Mexican Peso,Cash,0
2022-09-01 04:37:00,70,10042B8E8,14,811134D90,59574.25,Mexican Peso,59574.25,Mexican Peso,Cheque,0
2022-09-01 04:50:00,70,10042B8E8,14,811134D90,47224.42,Mexican Peso,47224.42,Mexican Peso,Credit Card,0
2022-09-01 04:59:00,70,10042B8E8,245729,81118F820,7637.41,Mexican Peso,7637.41,Mexican Peso,Cheque,0
2022-09-01 04:46:00,70,10042B8E8,245729,81118F820,742.68,Mexican Peso,742.68,Mexican Peso,Cash,0
2022-09-01 04:36:00,70,10042B8E8,246242,811256F50,2631520.65,Mexican Peso,2631520.65,Mexican Peso,Cheque,0
2022-09-01 04:46:00,70,10042B8E8,246242,811256F50,434312.12,Mexican Peso,434312.12,Mexican Peso,Credit Card,0
2022-09-01 04:56:00,70,10042B8E8,246242,811256F50,715895.12,Mexican Peso,715895.12,Mexican Peso,Cash,0
2022-09-01 04:55:00,70,10042B8E8,146529,8112E88B0,11241.78,Mexican Peso,11241.78,Mexican Peso,Cheque,0
2022-09-01 04:35:00,70,10042B8E8,19,811346070,20827.86,Mexican Peso,20827.86,Mexican Peso,Cheque,0
2022-09-01 04:53:00,70,10042B8E8,19,811346070,92023.98,Mexican Peso,92023.98,Mexican Peso,Credit Card,0
2022-09-01 04:42:00,70,10042B8E8,113,8113AADD0,422749.09,Mexican Peso,422749.09,Mexican Peso,Cheque,0
2022-09-01 04:58:00,70,10042B8E8,113,8113AADD0,238843.05,Mexican Peso,238843.05,Mexican Peso,Cash,0
2022-09-01 04:51:00,70,10042B8E8,245772,8113CFBC0,6992.93,Mexican Peso,6992.93,Mexican Peso,Cheque,0
2022-09-01 04:40:00,70,10042B8E8,245772,8113CFBC0,7324.75,Mexican Peso,7324.75,Mexican Peso,Credit Card,0
2022-09-01 04:43:00,70,10042B8E8,46883,8113F19C0,48389.39,Mexican Peso,48389.39,Mexican Peso,Cheque,0
2022-09-01 04:57:00,70,10042B8E8,46883,8113F19C0,82845.77,Mexican Peso,82845.77,Mexican Peso,Cash,0
2022-09-01 04:59:00,70,10042B8E8,146809,81141AEA0,9224.28,Mexican Peso,9224.28,Mexican Peso,Cheque,0
2022-09-01 05:11:00,70,10042B7C8,16,80BEFDCC0,13305.66,Ruble,13305.66,Ruble,Cheque,0
2022-09-01 05:28:00,70,10042B7C8,232452,80C005F40,6644262.05,Ruble,6644262.05,Ruble,Cheque,0
2022-09-01 05:16:00,70,10042B7C8,232452,80C005F40,519074.66,Ruble,519074.66,Ruble,Credit Card,0
2022-09-01 05:04:00,70,10042B7C8,232452,80C005F40,53366.89,Ruble,53366.89,Ruble,Cash,0
2022-09-01 05:12:00,70,10042B7C8,32755,80C00CF40,252508.58,Ruble,252508.58,Ruble,Cheque,0
2022-09-01 05:27:00,70,10042B7C8,285,80C1B0410,4553.89,Ruble,4553.89,Ruble,Cheque,0
2022-09-01 05:01:00,70,10042B7C8,285,80C1B0410,8008.13,Ruble,8008.13,Ruble,Credit Card,0
2022-09-01 05:09:00,70,10042B810,7,8000931B0,8.18,UK Pound,8.18,UK Pound,Cheque,0
2022-09-01 05:28:00,70,10042B810,7,8000931B0,3.95,UK Pound,3.95,UK Pound,Credit Card,0
2022-09-01 05:06:00,70,10042B810,7,8000931B0,3.31,UK Pound,3.31,UK Pound,Cash,0
2022-09-01 05:24:00,70,10042B810,24,80C2304A0,2394.77,UK Pound,2394.77,UK Pound,Cheque,0
2022-09-01 05:02:00,70,10042B810,24,80C2304A0,224.66,UK Pound,224.66,UK Pound,Cash,0
2022-09-01 05:20:00,70,10042B810,29,80C3E5140,21943.16,UK Pound,21943.16,UK Pound,Cheque,0
2022-09-01 05:19:00,70,10042B810,24,80C420FD0,1450.92,UK Pound,1450.92,UK Pound,Cheque,0
2022-09-01 05:24:00,70,10042B810,24,80C420FD0,1040.04,UK Pound,1040.04,UK Pound,Credit Card,0
2022-09-01 05:12:00,70,10042B810,33370,80C4C8EB0,220011.22,UK Pound,220011.22,UK Pound,Cheque,0
2022-09-01 05:26:00,70,10042B810,33370,80C4C8EB0,16574.11,UK Pound,16574.11,UK Pound,Credit Card,0
2022-09-01 05:03:00,70,10042B810,33370,80C4C8EB0,416967.61,UK Pound,416967.61,UK Pound,Cash,0
2022-09-01 05:19:00,70,10042B810,232857,80C6FC690,2694.22,UK Pound,2694.22,UK Pound,Cheque,0
2022-09-01 05:24:00,70,10042B810,232857,80C6FC690,1638.67,UK Pound,1638.67,UK Pound,Credit Card,0
2022-09-01 05:09:00,70,10042B810,133936,80C9BC110,362.22,UK Pound,362.22,UK Pound,Cheque,0
2022-09-01 05:20:00,70,10042B810,133936,80C9BC110,128.32,UK Pound,128.32,UK Pound,Credit Card,0
2022-09-01 05:21:00,70,10042B810,33858,80C9EFAF0,1113.14,UK Pound,1113.14,UK Pound,Cheque,0
2022-09-01 05:06:00,70,10042B810,33858,80C9EFAF0,285.28,UK Pound,285.28,UK Pound,Credit Card,0
2022-09-01 05:16:00,70,10042B810,233674,80CB5FC50,9223.32,UK Pound,9223.32,UK Pound,Cheque,0
2022-09-01 05:18:00,70,10042B810,233674,80CB5FC50,1438.09,UK Pound,1438.09,UK Pound,Cash,0
2022-09-01 05:22:00,70,10042B810,134598,80CF385C0,81.43,UK Pound,81.43,UK Pound,Cheque,0
2022-09-01 05:28:00,70,10042B810,134598,80CF385C0,459.63,UK Pound,459.63,UK Pound,Credit Card,0
2022-09-01 05:15:00,70,10042B810,135422,81A04A930,602.05,UK Pound,602.05,UK Pound,Cheque,0
2022-09-01 05:20:00,70,10042B810,135422,81A04A930,493.26,UK Pound,493.26,UK Pound,Cash,0
2022-09-01 05:09:00,70,10042B810,24,81B4F6B70,3717.05,UK Pound,3717.05,UK Pound,Cheque,0
2022-09-01 05:06:00,70,10042B810,24,81B4F6B70,234.97,UK Pound,234.97,UK Pound,Credit Card,0
2022-09-01 05:17:00,70,10042B8E8,46228,810FAE910,145483.67,Mexican Peso,145483.67,Mexican Peso,Cheque,0
2022-09-01 05:21:00,70,10042B8E8,46228,810FAE910,318442.23,Mexican Peso,318442.23,Mexican Peso,Credit Card,0
2022-09-01 05:06:00,70,10042B8E8,45977,810FD0D40,130507.93,Mexican Peso,130507.93,Mexican Peso,Cheque,0
2022-09-01 05:07:00,70,10042B8E8,45977,810FD0D40,231096.11,Mexican Peso,231096.11,Mexican Peso,Credit Card,0
2022-09-01 05:03:00,70,10042B8E8,45977,810FD0D40,334596.22,Mexican Peso,334596.22,Mexican Peso,Cash,0
2022-09-01 05:14:00,70,10042B8E8,245681,81104C9B0,4960.89,Mexican Peso,4960.89,Mexican Peso,Cash,0
2022-09-01 05:04:00,70,10042B8E8,146341,8110701D0,6062.14,Mexican Peso,6062.14,Mexican Peso,Cheque,0
2022-09-01 05:28:00,70,10042B8E8,146341,8110701D0,466.81,Mexican Peso,466.81,Mexican Peso,Credit Card,0
2022-09-01 05:10:00,70,10042B8E8,19,8110D00E0,229366.27,Mexican Peso,229366.27,Mexican Peso,Cheque,0
2022-09-01 05:23:00,70,10042B8E8,46428,81115C1D0,77423.47,Mexican Peso,77423.47,Mexican Peso,Cheque,0
2022-09-01 05:00:00,70,10042B8E8,46428,81115C1D0,1724.4,Mexican Peso,1724.4,Mexican Peso,Credit Card,0
2022-09-01 05:19:00,70,10042B8E8,46428,81115C1D0,1840.24,Mexican Peso,1840.24,Mexican Peso,Cash,0
2022-09-01 05:10:00,70,10042B8E8,41014,810F1A3C0,3427.26,Mexican Peso,3427.26,Mexican Peso,Cheque,0
2022-09-01 05:17:00,70,10042B8E8,41014,810F1A3C0,9574.39,Mexican Peso,9574.39,Mexican Peso,Cash,0
2022-09-01 05:04:00,70,10042B8E8,146477,8079D7B40,164474.35,Mexican Peso,164474.35,Mexican Peso,Cheque,0
2022-09-01 05:28:00,70,10042B8E8,146477,8079D7B40,257.56,Mexican Peso,257.56,Mexican Peso,Cash,0
2022-09-01 05:19:00,70,10042B8E8,246269,8111DB910,1566260.01,Mexican Peso,1566260.01,Mexican Peso,Cheque,0
2022-09-01 05:08:00,70,10042B8E8,246269,8111DB910,65791.2,Mexican Peso,65791.2,Mexican Peso,Credit Card,0
2022-09-01 05:01:00,70,10042B8E8,246269,8111DB910,3918903.52,Mexican Peso,3918903.52,Mexican Peso,Cash,0
2022-09-01 05:19:00,70,10042B8E8,1135,8112476E0,1407610.73,Mexican Peso,1407610.73,Mexican Peso,Cheque,0
2022-09-01 05:25:00,70,10042B8E8,1135,8112476E0,26978.0,Mexican Peso,26978.0,Mexican Peso,Credit Card,0
2022-09-01 05:20:00,70,10042B8E8,1135,8112476E0,9172.3,Mexican Peso,9172.3,Mexican Peso,Cash,0
2022-09-01 05:25:00,70,10042B8E8,19,81125C290,3699.3,Mexican Peso,3699.3,Mexican Peso,Cheque,0
2022-09-01 05:29:00,70,10042B8E8,113,8112C2050,73985.44,Mexican Peso,73985.44,Mexican Peso,Cheque,0
2022-09-01 05:21:00,70,10042B8E8,113,8112C2050,19717.71,Mexican Peso,19717.71,Mexican Peso,Credit Card,0
2022-09-01 05:20:00,70,10042B8E8,245772,81134E440,294902.11,Mexican Peso,294902.11,Mexican Peso,Cheque,0
2022-09-01 05:28:00,70,10042B8E8,245772,81134E440,9818.1,Mexican Peso,9818.1,Mexican Peso,Credit Card,0
2022-09-01 05:07:00,70,10042B8E8,46633,81135ECE0,64842.09,Mexican Peso,64842.09,Mexican Peso,Cheque,0
2022-09-01 05:10:00,70,10042B8E8,46633,81135ECE0,7771.97,Mexican Peso,7771.97,Mexican Peso,Credit Card,0
2022-09-01 05:22:00,70,10042B8E8,245768,8113A5540,590735.5,Mexican Peso,590735.5,Mexican Peso,Cheque,0
2022-09-01 05:29:00,70,10042B8E8,245768,8113A5540,1317740.67,Mexican Peso,1317740.67,Mexican Peso,Cash,0
2022-09-01 05:17:00,70,10042B8E8,246630,8113AB130,6126.24,Mexican Peso,6126.24,Mexican Peso,Cheque,0
2022-09-01 05:01:00,70,10042B8E8,246630,8113AB130,5775.54,Mexican Peso,5775.54,Mexican Peso,Credit Card,0
2022-09-01 05:57:00,70,10042B7C8,285,80B015F00,65495.46,Ruble,65495.46,Ruble,Cheque,0
2022-09-01 05:57:00,70,10042B7C8,285,80B015F00,316941.14,Ruble,316941.14,Ruble,Credit Card,0
2022-09-01 05:36:00,70,10042B7C8,16,80B481D80,128908.17,Ruble,128908.17,Ruble,Cheque,0
2022-09-01 05:54:00,70,10042B7C8,19,80B4C2110,5759670.09,Ruble,5759670.09,Ruble,Cheque,0
2022-09-01 05:50:00,70,10042B7C8,19,80B4C2110,1345137.67,Ruble,1345137.67,Ruble,Credit Card,0
2022-09-01 05:59:00,70,10042B7C8,19,80B4C2110,675540.28,Ruble,675540.28,Ruble,Cash,0
2022-09-01 05:36:00,70,10042B7C8,30959,80B547700,12565.02,Ruble,12565.02,Ruble,Cheque,0
2022-09-01 05:43:00,70,10042B7C8,30959,80B547700,4758.54,Ruble,4758.54,Ruble,Credit Card,0
2022-09-01 05:42:00,70,10042B7C8,30959,80BAC9600,162150.22,Ruble,162150.22,Ruble,Cheque,0
2022-09-01 05:57:00,70,10042B7C8,30959,80BAC9600,132443.36,Ruble,132443.36,Ruble,Credit Card,0
2022-09-01 05:30:00,70,10042B7C8,23,80BCDDB50,76139.21,Ruble,76139.21,Ruble,Cheque,0
2022-09-01 05:55:00,70,10042B7C8,23,80BCDDB50,47001.42,Ruble,47001.42,Ruble,Credit Card,0
2022-09-01 05:43:00,70,10042B7C8,18,80BE600B0,5311.35,Ruble,5311.35,Ruble,Cheque,0
2022-09-01 05:52:00,70,10042B7C8,18,80BE600B0,19202.39,Ruble,19202.39,Ruble,Cash,0
2022-09-01 05:49:00,70,10042B7C8,18,80BE9ABD0,31741.66,Ruble,31741.66,Ruble,Cheque,0
2022-09-01 05:35:00,70,10042B7C8,285,80BFCBAD0,5302.97,Ruble,5302.97,Ruble,Cheque,0
2022-09-01 05:32:00,70,10042B7C8,285,80BFCBAD0,25587.16,Ruble,25587.16,Ruble,Credit Card,0
2022-09-01 05:34:00,70,10042B810,24,800095060,29.03,UK Pound,29.03,UK Pound,Cheque,0
2022-09-01 05:34:00,70,10042B810,24,800095060,71.0,UK Pound,71.0,UK Pound,Credit Card,0
2022-09-01 05:58:00,70,10042B810,29,80009CC70,29377.73,UK Pound,29377.73,UK Pound,Cheque,0
2022-09-01 05:31:00,70,10042B810,29,80009CC70,4387.5,UK Pound,4387.5,UK Pound,Credit Card,0
2022-09-01 05:45:00,70,10042B810,8,80C362620,117.02,UK Pound,117.02,UK Pound,Cheque,0
2022-09-01 05:46:00,70,10042B810,8,80C362620,105.0,UK Pound,105.0,UK Pound,Credit Card,0
2022-09-01 05:56:00,70,10042B810,233186,80C44F240,254.91,UK Pound,254.91,UK Pound,Cheque,0
2022-09-01 05:52:00,70,10042B810,33370,80C6EA020,497.61,UK Pound,497.61,UK Pound,Cheque,0
2022-09-01 05:57:00,70,10042B810,33370,80C6EA020,27.34,UK Pound,27.34,UK Pound,Credit Card,0
2022-09-01 05:37:00,70,10042B810,133159,80C72DE40,89.72,UK Pound,89.72,UK Pound,Cheque,0
2022-09-01 05:48:00,70,10042B810,133159,80C72DE40,385.33,UK Pound,385.33,UK Pound,Credit Card,0
2022-09-01 05:31:00,70,10042B810,33370,80C8A0820,13666.44,UK Pound,13666.44,UK Pound,Cheque,0
2022-09-01 05:56:00,70,10042B810,33370,80C8A0820,7996.87,UK Pound,7996.87,UK Pound,Credit Card,0
2022-09-01 05:46:00,70,10042B810,33370,80C8A0820,2340.92,UK Pound,2340.92,UK Pound,Cash,0
2022-09-01 05:38:00,70,10042B810,233674,80C8B71A0,3451.22,UK Pound,3451.22,UK Pound,Cheque,0
2022-09-01 05:33:00,70,10042B810,29,80CB76060,1369.9,UK Pound,1369.9,UK Pound,Cheque,0
2022-09-01 05:56:00,70,10042B810,29,80CB76060,500.02,UK Pound,500.02,UK Pound,Credit Card,0
2022-09-01 05:54:00,70,10042B810,233064,80CBB4E20,194528.56,UK Pound,194528.56,UK Pound,Cheque,0
2022-09-01 05:49:00,70,10042B810,233064,80CBB4E20,12650.11,UK Pound,12650.11,UK Pound,Credit Card,0
2022-09-01 05:35:00,70,10042B810,233064,80CBB4E20,56601.21,UK Pound,56601.21,UK Pound,Cash,0
2022-09-01 05:58:00,70,10042B810,135422,80CFA3760,1029.69,UK Pound,1029.69,UK Pound,Cheque,0
2022-09-01 05:54:00,70,10042B810,135422,80CFA3760,307.84,UK Pound,307.84,UK Pound,Credit Card,0
2022-09-01 05:43:00,70,10042B810,25,80CFB0AE0,1281802.71,UK Pound,1281802.71,UK Pound,Cheque,0
2022-09-01 05:48:00,70,10042B810,233064,8177DF7D0,21.13,UK Pound,21.13,UK Pound,Cheque,0
2022-09-01 05:34:00,70,10042B810,233064,8177DF7D0,90.87,UK Pound,90.87,UK Pound,Credit Card,0
2022-09-01 05:55:00,70,10042B810,24,81B1036D0,26629.67,UK Pound,26629.67,UK Pound,Cheque,0
2022-09-01 05:33:00,70,10042B810,24,81B1036D0,7449.49,UK Pound,7449.49,UK Pound,Credit Card,0
2022-09-01 05:36:00,70,10042B810,24,81B1036D0,48357.12,UK Pound,48357.12,UK Pound,Cash,0
2022-09-01 05:36:00,70,10042B8E8,1135,810B319B0,63119023.38,Mexican Peso,63119023.38,Mexican Peso,Cheque,0
2022-09-01 05:53:00,70,10042B8E8,1135,810B319B0,373161.08,Mexican Peso,373161.08,Mexican Peso,Credit Card,0
2022-09-01 05:50:00,70,10042B8E8,1135,810B319B0,1259441.87,Mexican Peso,1259441.87,Mexican Peso,Cash,0
2022-09-01 05:36:00,70,10042B8E8,41014,810D8F720,29789.5,Mexican Peso,29789.5,Mexican Peso,Cheque,0
2022-09-01 05:42:00,70,10042B8E8,1135,810E50880,1147.9,Mexican Peso,1147.9,Mexican Peso,Cheque,0
2022-09-01 05:44:00,70,10042B8E8,1135,810E50880,1386.01,Mexican Peso,1386.01,Mexican Peso,Credit Card,0
2022-09-01 05:50:00,70,10042B8E8,245729,810E98E10,2014.21,Mexican Peso,2014.21,Mexican Peso,Cheque,0
2022-09-01 05:43:00,70,10042B8E8,245729,810E98E10,2402.27,Mexican Peso,2402.27,Mexican Peso,Cash,0
2022-09-01 05:42:00,70,10042B8E8,245681,810FB92C0,16736071.12,Mexican Peso,16736071.12,Mexican Peso,Cheque,0
2022-09-01 05:58:00,70,10042B8E8,245681,810FB92C0,12403325.67,Mexican Peso,12403325.67,Mexican Peso,Cash,0
2022-09-01 05:58:00,70,10042B8E8,215,810FC9350,3977023.75,Mexican Peso,3977023.75,Mexican Peso,Cheque,0
2022-09-01 05:40:00,70,10042B8E8,41014,811074840,111957.97,Mexican Peso,111957.97,Mexican Peso,Cheque,0
2022-09-01 05:32:00,70,10042B8E8,41014,811074840,509.23,Mexican Peso,509.23,Mexican Peso,Cash,0
2022-09-01 05:39:00,70,10042B8E8,215,811098AD0,5987.21,Mexican Peso,5987.21,Mexican Peso,Cash,0
2022-09-01 05:30:00,70,10042B8E8,46228,811162EB0,5196.5,Mexican Peso,5196.5,Mexican Peso,Credit Card,0
2022-09-01 05:41:00,70,10042B8E8,46228,811162EB0,3124.81,Mexican Peso,3124.81,Mexican Peso,Cash,0
2022-09-01 05:56:00,70,10042B8E8,245681,811259620,126983.8,Mexican Peso,126983.8,Mexican Peso,Cheque,0
2022-09-01 05:44:00,70,10042B8E8,245681,811259620,51061.33,Mexican Peso,51061.33,Mexican Peso,Cash,0
2022-09-01 05:32:00,70,10042B8E8,245681,81128FEC0,1632227.41,Mexican Peso,1632227.41,Mexican Peso,Cheque,0
2022-09-01 05:59:00,70,10042B8E8,245681,81128FEC0,2358823.04,Mexican Peso,2358823.04,Mexican Peso,Cash,0
2022-09-01 05:53:00,70,10042B8E8,45977,811334FC0,2684.37,Mexican Peso,2684.37,Mexican Peso,Cheque,0
2022-09-01 05:40:00,70,10042B8E8,45977,811334FC0,596.19,Mexican Peso,596.19,Mexican Peso,Credit Card,0
2022-09-01 05:48:00,70,10042B8E8,146893,8166B68F0,8633.42,Mexican Peso,8633.42,Mexican Peso,Cheque,0
2022-09-01 06:23:00,70,10042B7C8,16,80B087F30,12574.15,Ruble,12574.15,Ruble,Cheque,0
2022-09-01 06:25:00,70,10042B7C8,131036,80BAC5150,895454.85,Ruble,895454.85,Ruble,Cheque,0
2022-09-01 06:25:00,70,10042B7C8,131036,80BAC5150,743269.18,Ruble,743269.18,Ruble,Credit Card,0
2022-09-01 06:28:00,70,10042B7C8,131036,80BAC5150,5820467.08,Ruble,5820467.08,Ruble,Cash,0
2022-09-01 06:26:00,70,10042B7C8,18,80BD07AE0,2362361.4,Ruble,2362361.4,Ruble,Cheque,0
2022-09-01 06:22:00,70,10042B7C8,18,80BD07AE0,586331.17,Ruble,586331.17,Ruble,Cash,0
2022-09-01 06:25:00,70,10042B7C8,23,80BD13990,30884.34,Ruble,30884.34,Ruble,Cheque,0
2022-09-01 06:01:00,70,10042B7C8,23,80BD13990,5929.28,Ruble,5929.28,Ruble,Credit Card,0
2022-09-01 06:12:00,70,10042B7C8,230595,80BD25EF0,52920.9,Ruble,52920.9,Ruble,Cheque,0
2022-09-01 06:06:00,70,10042B7C8,16,80BE12530,2939.23,Ruble,2939.23,Ruble,Cheque,0
2022-09-01 06:08:00,70,10042B7C8,19,80BE74460,211531.5,Ruble,211531.5,Ruble,Cheque,0
2022-09-01 06:26:00,70,10042B7C8,19,80BE74460,18134.37,Ruble,18134.37,Ruble,Credit Card,0
2022-09-01 06:29:00,70,10042B7C8,132425,80BEBDDB0,19653.09,Ruble,19653.09,Ruble,Cheque,0
2022-09-01 06:19:00,70,10042B7C8,132425,80BEBDDB0,74716.98,Ruble,74716.98,Ruble,Credit Card,0
2022-09-01 06:06:00,70,10042B7C8,232393,80BF721D0,34702.91,Ruble,34702.91,Ruble,Cheque,0
2022-09-01 06:08:00,70,10042B7C8,232393,80BF721D0,115552.24,Ruble,115552.24,Ruble,Credit Card,0
2022-09-01 06:08:00,70,10042B7C8,232393,80BF721D0,7856.13,Ruble,7856.13,Ruble,Cash,0
2022-09-01 06:02:00,70,10042B7C8,132425,80BFEAE20,223922.15,Ruble,223922.15,Ruble,Cheque,0
2022-09-01 06:29:00,70,10042B7C8,132425,80BFEAE20,671561.79,Ruble,671561.79,Ruble,Cash,0
2022-09-01 06:28:00,70,10042B810,8,80C264A90,113.38,UK Pound,113.38,UK Pound,Cheque,0
2022-09-01 06:02:00,70,10042B810,8,80C264A90,97.88,UK Pound,97.88,UK Pound,Credit Card,0
2022-09-01 06:12:00,70,10042B810,133159,80C376930,129.31,UK Pound,129.31,UK Pound,Cheque,0
2022-09-01 06:13:00,70,10042B810,233601,80C6B7CB0,145.47,UK Pound,145.47,UK Pound,Cheque,0
2022-09-01 06:13:00,70,10042B810,233601,80C6B7CB0,238.83,UK Pound,238.83,UK Pound,Credit Card,0
2022-09-01 06:12:00,70,10042B810,7,80C9F7AC0,2580.24,UK Pound,2580.24,UK Pound,Cheque,0
2022-09-01 06:04:00,70,10042B810,7,80C9F7AC0,11283.39,UK Pound,11283.39,UK Pound,Credit Card,0
2022-09-01 06:28:00,70,10042B810,7,80C9F7AC0,4198.49,UK Pound,4198.49,UK Pound,Cash,0
2022-09-01 06:06:00,70,10042B810,33858,80CF79210,24979.2,UK Pound,24979.2,UK Pound,Cheque,0
2022-09-01 06:20:00,70,10042B810,33858,80CF79210,6542.37,UK Pound,6542.37,UK Pound,Credit Card,0
2022-09-01 06:05:00,70,10042B810,33858,80CF79210,1647.16,UK Pound,1647.16,UK Pound,Cash,0
2022-09-01 06:18:00,70,10042B810,234142,810E78670,711.92,UK Pound,711.92,UK Pound,Cheque,0
2022-09-01 06:23:00,70,10042B810,234142,810E78670,668.82,UK Pound,668.82,UK Pound,Credit Card,0
2022-09-01 06:12:00,70,10042B810,35358,8177F0D80,125.73,UK Pound,125.73,UK Pound,Cheque,0
2022-09-01 06:06:00,70,10042B810,35358,8177F0D80,139.36,UK Pound,139.36,UK Pound,Credit Card,0
2022-09-01 06:06:00,70,10042B810,35371,81B0FB1D0,233.2,UK Pound,233.2,UK Pound,Cheque,0
2022-09-01 06:01:00,70,10042B8E8,13,810E941A0,178751.61,Mexican Peso,178751.61,Mexican Peso,Cheque,0
2022-09-01 06:10:00,70,10042B8E8,13,810E941A0,134172.21,Mexican Peso,134172.21,Mexican Peso,Credit Card,0
2022-09-01 06:15:00,70,10042B8E8,13,810E941A0,536489.29,Mexican Peso,536489.29,Mexican Peso,Cash,0
2022-09-01 06:19:00,70,10042B8E8,215,810E9F2C0,68393.08,Mexican Peso,68393.08,Mexican Peso,Cheque,0
2022-09-01 06:24:00,70,10042B8E8,215,810E9F2C0,1200.47,Mexican Peso,1200.47,Mexican Peso,Credit Card,0
2022-09-01 06:18:00,70,10042B8E8,215,810EEACF0,4377561.01,Mexican Peso,4377561.01,Mexican Peso,Cheque,0
2022-09-01 06:21:00,70,10042B8E8,215,810EEACF0,386582.23,Mexican Peso,386582.23,Mexican Peso,Credit Card,0
2022-09-01 06:08:00,70,10042B8E8,215,810EEACF0,12492169.81,Mexican Peso,12492169.81,Mexican Peso,Cash,0
2022-09-01 06:23:00,70,10042B8E8,14,810F8CF20,29865.76,Mexican Peso,29865.76,Mexican Peso,Cheque,0
2022-09-01 06:01:00,70,10042B8E8,46152,810FBA270,36169.43,Mexican Peso,36169.43,Mexican Peso,Cheque,0
2022-09-01 06:21:00,70,10042B8E8,245772,810FD8FE0,1061.7,Mexican Peso,1061.7,Mexican Peso,Cheque,0
2022-09-01 06:02:00,70,10042B8E8,245772,810FD8FE0,2603.93,Mexican Peso,2603.93,Mexican Peso,Credit Card,0
2022-09-01 06:19:00,70,10042B8E8,246232,811156990,10189301.11,Mexican Peso,10189301.11,Mexican Peso,Cheque,0
2022-09-01 06:13:00,70,10042B8E8,246232,811156990,54703.68,Mexican Peso,54703.68,Mexican Peso,Credit Card,0
2022-09-01 06:26:00,70,10042B8E8,246232,811156990,11018808.2,Mexican Peso,11018808.2,Mexican Peso,Cash,0
2022-09-01 06:08:00,70,10042B8E8,146477,8112ED880,189819.12,Mexican Peso,189819.12,Mexican Peso,Cheque,0
2022-09-01 06:16:00,70,10042B8E8,45977,811329960,7935.53,Mexican Peso,7935.53,Mexican Peso,Cheque,0
2022-09-01 06:02:00,70,10042B8E8,1135,811357DB0,2500970.62,Mexican Peso,2500970.62,Mexican Peso,Cheque,0
2022-09-01 06:14:00,70,10042B8E8,1135,811357DB0,535096.85,Mexican Peso,535096.85,Mexican Peso,Credit Card,0
2022-09-01 06:26:00,70,10042B8E8,1135,811357DB0,18766124.24,Mexican Peso,18766124.24,Mexican Peso,Cash,0
2022-09-01 06:11:00,70,10042B8E8,146738,8113A0370,17208.3,Mexican Peso,17208.3,Mexican Peso,Cheque,0
2022-09-01 06:27:00,70,10042B8E8,146738,8113A0370,36998.8,Mexican Peso,36998.8,Mexican Peso,Credit Card,0
2022-09-01 06:43:00,70,10042B7C8,27,8087EBC00,210892.39,Ruble,210892.39,Ruble,Cheque,0
2022-09-01 06:52:00,70,10042B7C8,27,8087EBC00,192426.78,Ruble,192426.78,Ruble,Cash,0
2022-09-01 06:33:00,70,10042B7C8,27,80AFB6930,151847.94,Ruble,151847.94,Ruble,Cheque,0
2022-09-01 06:37:00,70,10042B7C8,27,80AFB6930,9574.53,Ruble,9574.53,Ruble,Credit Card,0
2022-09-01 06:57:00,70,10042B7C8,27,80AFC66A0,147617.0,Ruble,147617.0,Ruble,Cheque,0
2022-09-01 06:46:00,70,10042B7C8,27,80AFC66A0,146983.15,Ruble,146983.15,Ruble,Credit Card,0
2022-09-01 06:35:00,70,10042B7C8,27,80B01D4F0,731288.95,Ruble,731288.95,Ruble,Cheque,0
2022-09-01 06:50:00,70,10042B7C8,285,80B08C0F0,4642935.84,Ruble,4642935.84,Ruble,Cheque,0
2022-09-01 06:42:00,70,10042B7C8,285,80B08C0F0,13418522.74,Ruble,13418522.74,Ruble,Cash,0
2022-09-01 06:53:00,70,10042B7C8,19,80B47CDC0,16919.8,Ruble,16919.8,Ruble,Cheque,0
2022-09-01 06:48:00,70,10042B7C8,19,80B47CDC0,861.63,Ruble,861.63,Ruble,Credit Card,0
2022-09-01 06:30:00,70,10042B7C8,19,80BAD5D60,5355.42,Ruble,5355.42,Ruble,Cheque,0
2022-09-01 06:51:00,70,10042B7C8,19,80BAD5D60,18332.15,Ruble,18332.15,Ruble,Credit Card,0
2022-09-01 06:41:00,70,10042B7C8,16,80BD10830,387435.23,Ruble,387435.23,Ruble,Cheque,0
2022-09-01 06:47:00,70,10042B7C8,16,80BD10830,242499.03,Ruble,242499.03,Ruble,Credit Card,0
2022-09-01 06:40:00,70,10042B7C8,230595,80BD1B8E0,619699.6,Ruble,619699.6,Ruble,Cheque,0
2022-09-01 06:35:00,70,10042B7C8,230595,80BD1B8E0,392561.1,Ruble,392561.1,Ruble,Credit Card,0
2022-09-01 06:35:00,70,10042B7C8,32245,80BD8C000,12761.33,Ruble,12761.33,Ruble,Cheque,0
2022-09-01 06:44:00,70,10042B7C8,32245,80BD8C000,21680.65,Ruble,21680.65,Ruble,Cash,0
2022-09-01 06:46:00,70,10042B7C8,19,80BD9BDF0,72573.77,Ruble,72573.77,Ruble,Cheque,0
2022-09-01 06:39:00,70,10042B7C8,19,80BD9BDF0,84837.96,Ruble,84837.96,Ruble,Credit Card,0
2022-09-01 06:47:00,70,10042B7C8,19,80BD9BDF0,102865.99,Ruble,102865.99,Ruble,Cash,0
2022-09-01 06:38:00,70,10042B7C8,285,80BE9A7B0,2227.24,Ruble,2227.24,Ruble,Cheque,0
2022-09-01 06:33:00,70,10042B7C8,285,80BE9A7B0,2482.32,Ruble,2482.32,Ruble,Credit Card,0
2022-09-01 06:50:00,70,10042B7C8,16,80BED3130,166203.52,Ruble,166203.52,Ruble,Cheque,0
2022-09-01 06:32:00,70,10042B7C8,16,80BED3130,30956.45,Ruble,30956.45,Ruble,Credit Card,0
2022-09-01 06:51:00,70,10042B7C8,132448,80BE79F90,26189.24,Ruble,26189.24,Ruble,Cheque,0
2022-09-01 06:51:00,70,10042B810,133159,80C368970,108.97,UK Pound,108.97,UK Pound,Cheque,0
2022-09-01 06:41:00,70,10042B810,133159,80C368970,72.13,UK Pound,72.13,UK Pound,Credit Card,0
2022-09-01 06:30:00,70,10042B810,8,80C3C0140,108523.41,UK Pound,108523.41,UK Pound,Cash,0
2022-09-01 06:43:00,70,10042B810,33370,80C3EE020,216746.15,UK Pound,216746.15,UK Pound,Cheque,0
2022-09-01 06:40:00,70,10042B810,233064,80C4BE6D0,237.65,UK Pound,237.65,UK Pound,Cheque,0
2022-09-01 06:56:00,70,10042B810,233064,80C4BE6D0,343.37,UK Pound,343.37,UK Pound,Credit Card,0
2022-09-01 06:55:00,70,10042B810,233064,80C75FFA0,22545.1,UK Pound,22545.1,UK Pound,Cheque,0
2022-09-01 06:55:00,70,10042B810,233064,80C75FFA0,10258.61,UK Pound,10258.61,UK Pound,Credit Card,0
2022-09-01 06:52:00,70,10042B810,29,80C89AFF0,139.59,UK Pound,139.59,UK Pound,Cheque,0
2022-09-01 06:59:00,70,10042B810,29,80C89AFF0,57.51,UK Pound,57.51,UK Pound,Cash,0
2022-09-01 06:32:00,70,10042B810,233706,80C8A0B60,107.65,UK Pound,107.65,UK Pound,Credit Card,0
2022-09-01 06:52:00,70,10042B810,233706,80C8A0B60,71.92,UK Pound,71.92,UK Pound,Cash,0
2022-09-01 06:40:00,70,10042B810,7,80C8C9990,153.66,UK Pound,153.66,UK Pound,Cheque,0
2022-09-01 06:41:00,70,10042B810,34293,80CBB3A20,253.92,UK Pound,253.92,UK Pound,Cheque,0
2022-09-01 06:55:00,70,10042B810,34293,80CBB3A20,1752.9,UK Pound,1752.9,UK Pound,Credit Card,0
2022-09-01 06:40:00,70,10042B810,134053,81B1003C0,303.23,UK Pound,303.23,UK Pound,Cheque,0
2022-09-01 06:45:00,70,10042B810,134053,81B1003C0,0.43,UK Pound,0.43,UK Pound,Cash,0
2022-09-01 06:58:00,70,10042B810,134750,81B4F6E80,68.71,UK Pound,68.71,UK Pound,Cheque,0
2022-09-01 06:31:00,70,10042B810,134750,81B4F6E80,412.08,UK Pound,412.08,UK Pound,Credit Card,0
2022-09-01 06:53:00,70,10042B810,134750,81B4F6E80,105.54,UK Pound,105.54,UK Pound,Cash,0
2022-09-01 06:35:00,70,10042B8E8,13,810D82AF0,7348.07,Mexican Peso,7348.07,Mexican Peso,Cheque,0
2022-09-01 06:31:00,70,10042B8E8,13,810D82AF0,749.95,Mexican Peso,749.95,Mexican Peso,Credit Card,0
2022-09-01 06:31:00,70,10042B8E8,215,810D92060,10222.3,Mexican Peso,10222.3,Mexican Peso,Cheque,0
2022-09-01 06:58:00,70,10042B8E8,215,810D92060,4878.54,Mexican Peso,4878.54,Mexican Peso,Cash,0
2022-09-01 06:45:00,70,10042B8E8,113,810BE7B00,8132.81,Mexican Peso,8132.81,Mexican Peso,Cheque,0
2022-09-01 06:59:00,70,10042B8E8,113,810BE7B00,9341.9,Mexican Peso,9341.9,Mexican Peso,Cash,0
2022-09-01 06:46:00,70,10042B8E8,19,810DAAB20,28032.01,Mexican Peso,28032.01,Mexican Peso,Cheque,0
2022-09-01 06:32:00,70,10042B8E8,45907,811296E70,843.54,Mexican Peso,843.54,Mexican Peso,Cheque,0
2022-09-01 06:32:00,70,10042B8E8,45907,811296E70,3279.14,Mexican Peso,3279.14,Mexican Peso,Credit Card,0
2022-09-01 06:39:00,70,10042B8E8,146341,811303570,82972.44,Mexican Peso,82972.44,Mexican Peso,Cheque,0
2022-09-01 06:33:00,70,10042B8E8,146341,811303570,88677.39,Mexican Peso,88677.39,Mexican Peso,Credit Card,0
2022-09-01 06:38:00,70,10042B8E8,246505,81130CC10,30.51,Mexican Peso,30.51,Mexican Peso,Cheque,0
2022-09-01 06:34:00,70,10042B8E8,246505,81130CC10,145.24,Mexican Peso,145.24,Mexican Peso,Cash,0
2022-09-01 06:32:00,70,10042B8E8,46781,81134D600,19053.41,Mexican Peso,19053.41,Mexican Peso,Cheque,0
2022-09-01 06:30:00,70,10042B8E8,46781,81134D600,43161.39,Mexican Peso,43161.39,Mexican Peso,Credit Card,0
2022-09-01 06:39:00,70,10042B8E8,46781,81134D600,25127.82,Mexican Peso,25127.82,Mexican Peso,Cash,0
2022-09-01 06:44:00,70,10042B8E8,146809,811426560,7309.19,Mexican Peso,7309.19,Mexican Peso,Cheque,0
2022-09-01 07:00:00,70,10042B7C8,16,80B4C3350,15559.38,Ruble,15559.38,Ruble,Cheque,0
2022-09-01 07:14:00,70,10042B7C8,16,80B4E7A20,16138.66,Ruble,16138.66,Ruble,Cheque,0
2022-09-01 07:08:00,70,10042B7C8,23,80BAA8D50,187862.98,Ruble,187862.98,Ruble,Cheque,0
2022-09-01 07:24:00,70,10042B7C8,23,80BAA8D50,88792.5,Ruble,88792.5,Ruble,Credit Card,0
2022-09-01 07:14:00,70,10042B7C8,16,80BCF3A00,5549342.8,Ruble,5549342.8,Ruble,Cheque,0
2022-09-01 07:01:00,70,10042B7C8,31879,80BDF2D20,140035.54,Ruble,140035.54,Ruble,Cheque,0
2022-09-01 07:13:00,70,10042B7C8,132448,80BF60EB0,34803.43,Ruble,34803.43,Ruble,Cheque,0
2022-09-01 07:03:00,70,10042B7C8,132448,80BF60EB0,66414.95,Ruble,66414.95,Ruble,Credit Card,0
2022-09-01 07:04:00,70,10042B7C8,32755,80C0A71E0,12099.34,Ruble,12099.34,Ruble,Cheque,0
2022-09-01 07:28:00,70,10042B7C8,32755,80C0A71E0,14096.53,Ruble,14096.53,Ruble,Credit Card,0
2022-09-01 07:02:00,70,10042B7C8,131036,80C0BC520,17945.39,Ruble,17945.39,Ruble,Cheque,0
2022-09-01 07:27:00,70,10042B7C8,131036,80C0BC520,586.22,Ruble,586.22,Ruble,Credit Card,0
2022-09-01 07:22:00,70,10042B810,8,80C4A1B80,1148.36,UK Pound,1148.36,UK Pound,Credit Card,0
2022-09-01 07:23:00,70,10042B810,133936,80C743260,6892.19,UK Pound,6892.19,UK Pound,Cheque,0
2022-09-01 07:05:00,70,10042B810,233186,80C7F8DD0,8718.03,UK Pound,8718.03,UK Pound,Cheque,0
2022-09-01 07:06:00,70,10042B810,233186,80C7F8DD0,14628.77,UK Pound,14628.77,UK Pound,Cash,0
2022-09-01 07:15:00,70,10042B810,8,80C808D30,151.88,UK Pound,151.88,UK Pound,Cheque,0
2022-09-01 07:21:00,70,10042B810,8,80C808D30,78.31,UK Pound,78.31,UK Pound,Credit Card,0
2022-09-01 07:19:00,70,10042B810,33858,80C8B8300,200659.3,UK Pound,200659.3,UK Pound,Cheque,0
2022-09-01 07:09:00,70,10042B810,33858,80C8B8300,9872.89,UK Pound,9872.89,UK Pound,Credit Card,0
2022-09-01 07:01:00,70,10042B810,33858,80C8B8300,1141.22,UK Pound,1141.22,UK Pound,Cash,0
2022-09-01 07:03:00,70,10042B810,233601,80C9D2E60,6019.09,UK Pound,6019.09,UK Pound,Cheque,0
2022-09-01 07:22:00,70,10042B810,134750,80CB7BD70,10230.67,UK Pound,10230.67,UK Pound,Cheque,0
2022-09-01 07:11:00,70,10042B810,134750,80CB7BD70,9290.06,UK Pound,9290.06,UK Pound,Credit Card,0
2022-09-01 07:23:00,70,10042B810,134750,80CB7BD70,12556.89,UK Pound,12556.89,UK Pound,Cash,0
2022-09-01 07:07:00,70,10042B810,34749,810E77A10,282.31,UK Pound,282.31,UK Pound,Cheque,0
2022-09-01 07:19:00,70,10042B810,34749,817539300,58.13,UK Pound,58.13,UK Pound,Cheque,0
2022-09-01 07:24:00,70,10042B810,34749,817539300,134.14,UK Pound,134.14,UK Pound,Credit Card,0
2022-09-01 07:15:00,70,10042B810,34749,817539300,8.71,UK Pound,8.71,UK Pound,Cash,0
2022-09-01 07:27:00,70,10042B810,35358,817E6D800,260632.11,UK Pound,260632.11,UK Pound,Cheque,0
2022-09-01 07:21:00,70,10042B810,35358,817E6D800,18160.32,UK Pound,18160.32,UK Pound,Credit Card,0
2022-09-01 07:14:00,70,10042B810,35358,817E6D800,932764.02,UK Pound,932764.02,UK Pound,Cash,0
2022-09-01 07:27:00,70,10042B8E8,113,810F17D60,11338544.05,Mexican Peso,11338544.05,Mexican Peso,Cheque,0
2022-09-01 07:28:00,70,10042B8E8,113,810F17D60,430537.41,Mexican Peso,430537.41,Mexican Peso,Credit Card,0
2022-09-01 07:02:00,70,10042B8E8,113,810F17D60,259275.38,Mexican Peso,259275.38,Mexican Peso,Cash,0
2022-09-01 07:11:00,70,10042B8E8,41014,810F1D1F0,13222.2,Mexican Peso,13222.2,Mexican Peso,Cheque,0
2022-09-01 07:14:00,70,10042B8E8,41014,810F1D1F0,0.49,Mexican Peso,0.49,Mexican Peso,Cash,0
2022-09-01 07:06:00,70,10042B8E8,113,810F24EF0,4617830.93,Mexican Peso,4617830.93,Mexican Peso,Cheque,0
2022-09-01 07:03:00,70,10042B8E8,113,810F24EF0,68535.0,Mexican Peso,68535.0,Mexican Peso,Credit Card,0
2022-09-01 07:04:00,70,10042B8E8,113,810F24EF0,2672053.7,Mexican Peso,2672053.7,Mexican Peso,Cash,0
2022-09-01 07:15:00,70,10042B8E8,245681,81105C880,245102.18,Mexican Peso,245102.18,Mexican Peso,Cheque,0
2022-09-01 07:15:00,70,10042B8E8,245681,81105C880,292174.29,Mexican Peso,292174.29,Mexican Peso,Credit Card,0
2022-09-01 07:10:00,70,10042B8E8,245681,81105C880,205955.82,Mexican Peso,205955.82,Mexican Peso,Cash,0
2022-09-01 07:02:00,70,10042B8E8,14,811066120,299695.94,Mexican Peso,299695.94,Mexican Peso,Cheque,0
2022-09-01 07:06:00,70,10042B8E8,14,811066120,193042.34,Mexican Peso,193042.34,Mexican Peso,Cash,0
2022-09-01 07:21:00,70,10042B8E8,146341,8110B87D0,223573.23,Mexican Peso,223573.23,Mexican Peso,Cheque,0
2022-09-01 07:02:00,70,10042B8E8,146341,8110B87D0,47734.27,Mexican Peso,47734.27,Mexican Peso,Credit Card,0
2022-09-01 07:05:00,70,10042B8E8,146341,8110B87D0,46190.25,Mexican Peso,46190.25,Mexican Peso,Cash,0
2022-09-01 07:19:00,70,10042B8E8,45977,8110C9360,396870.77,Mexican Peso,396870.77,Mexican Peso,Cheque,0
2022-09-01 07:07:00,70,10042B8E8,45977,8110C9360,77732.54,Mexican Peso,77732.54,Mexican Peso,Cash,0
2022-09-01 07:15:00,70,10042B8E8,46152,8111326B0,60973.85,Mexican Peso,60973.85,Mexican Peso,Cheque,0
2022-09-01 07:14:00,70,10042B8E8,46152,8111326B0,17879.51,Mexican Peso,17879.51,Mexican Peso,Cash,0
2022-09-01 07:25:00,70,10042B8E8,46152,81116C630,244846.66,Mexican Peso,244846.66,Mexican Peso,Cheque,0
2022-09-01 07:00:00,70,10042B8E8,45907,8111845D0,86117.15,Mexican Peso,86117.15,Mexican Peso,Cheque,0
2022-09-01 07:02:00,70,10042B8E8,45907,8111845D0,41618.56,Mexican Peso,41618.56,Mexican Peso,Credit Card,0
2022-09-01 07:27:00,70,10042B8E8,46152,8111A4880,28526.69,Mexican Peso,28526.69,Mexican Peso,Cheque,0
2022-09-01 07:07:00,70,10042B8E8,146529,8111A5D30,6083.66,Mexican Peso,6083.66,Mexican Peso,Cheque,0
2022-09-01 07:17:00,70,10042B8E8,146529,8111A5D30,210.81,Mexican Peso,210.81,Mexican Peso,Credit Card,0
2022-09-01 07:24:00,70,10042B8E8,146529,8111A5D30,62.36,Mexican Peso,62.36,Mexican Peso,Cash,0
2022-09-01 07:13:00,70,10042B8E8,146477,8112E9B80,96238.26,Mexican Peso,96238.26,Mexican Peso,Cheque,0
2022-09-01 07:24:00,70,10042B8E8,146477,8112E9B80,84367.28,Mexican Peso,84367.28,Mexican Peso,Credit Card,0
2022-09-01 07:58:00,70,10042B7C8,23,80AFADD70,713862.66,Ruble,713862.66,Ruble,Cheque,0
2022-09-01 07:35:00,70,10042B7C8,23,80AFADD70,1107170.32,Ruble,1107170.32,Ruble,Credit Card,0
2022-09-01 07:50:00,70,10042B7C8,131036,80BD22AC0,52296.42,Ruble,52296.42,Ruble,Cheque,0
2022-09-01 07:45:00,70,10042B7C8,131036,80BD22AC0,4040.62,Ruble,4040.62,Ruble,Credit Card,0
2022-09-01 07:35:00,70,10042B7C8,132448,80BED8A30,1991212951.15,Ruble,1991212951.15,Ruble,Cheque,0
2022-09-01 07:40:00,70,10042B7C8,132448,80BED8A30,284089.33,Ruble,284089.33,Ruble,Credit Card,0
2022-09-01 07:51:00,70,10042B7C8,132448,80BED8A30,333568488.81,Ruble,333568488.81,Ruble,Cash,0
2022-09-01 07:44:00,70,10042B7C8,23,80BF47990,79901.3,Ruble,79901.3,Ruble,Cheque,0
2022-09-01 07:44:00,70,10042B7C8,23,80BF47990,27749.24,Ruble,27749.24,Ruble,Cash,0
2022-09-01 07:37:00,70,10042B7C8,285,80C098C40,11369.02,Ruble,11369.02,Ruble,Cheque,0
2022-09-01 07:43:00,70,10042B7C8,285,80C098C40,9280.16,Ruble,9280.16,Ruble,Cash,0
2022-09-01 07:51:00,70,10042B810,8,80C37F7F0,1309.12,UK Pound,1309.12,UK Pound,Cheque,0
2022-09-01 07:42:00,70,10042B810,8,80C37F7F0,203.12,UK Pound,203.12,UK Pound,Credit Card,0
2022-09-01 07:52:00,70,10042B810,29,80C3E0360,682.41,UK Pound,682.41,UK Pound,Cheque,0
2022-09-01 07:41:00,70,10042B810,29,80C3E0360,225.58,UK Pound,225.58,UK Pound,Credit Card,0
2022-09-01 07:46:00,70,10042B810,233064,80C414AD0,3778.6,UK Pound,3778.6,UK Pound,Cheque,0
2022-09-01 07:36:00,70,10042B810,233064,80C414AD0,49.54,UK Pound,49.54,UK Pound,Credit Card,0
2022-09-01 07:48:00,70,10042B810,133372,80C6E95C0,2867.66,UK Pound,2867.66,UK Pound,Credit Card,0
2022-09-01 07:46:00,70,10042B810,133372,80C6E95C0,875.63,UK Pound,875.63,UK Pound,Cash,0
2022-09-01 07:35:00,70,10042B810,25,80C8FDF50,4469.26,UK Pound,4469.26,UK Pound,Cheque,0
2022-09-01 07:51:00,70,10042B810,25,80C8FDF50,1227.4,UK Pound,1227.4,UK Pound,Credit Card,0
2022-09-01 07:56:00,70,10042B810,29,80C9332D0,127.06,UK Pound,127.06,UK Pound,Cheque,0
2022-09-01 07:30:00,70,10042B810,29,80C9332D0,261.88,UK Pound,261.88,UK Pound,Credit Card,0
2022-09-01 07:32:00,70,10042B810,133372,80CA36C00,1911.35,UK Pound,1911.35,UK Pound,Cheque,0
2022-09-01 07:38:00,70,10042B810,133372,80CA36C00,773.76,UK Pound,773.76,UK Pound,Credit Card,0
2022-09-01 07:37:00,70,10042B810,234116,80CB28E00,396.1,UK Pound,396.1,UK Pound,Cheque,0
2022-09-01 07:50:00,70,10042B810,234116,80CB28E00,814.91,UK Pound,814.91,UK Pound,Credit Card,0
2022-09-01 07:37:00,70,10042B810,234116,817E6B980,297.82,UK Pound,297.82,UK Pound,Cheque,0
2022-09-01 07:38:00,70,10042B810,234116,817E6B980,225.89,UK Pound,225.89,UK Pound,Credit Card,0
2022-09-01 07:52:00,70,10042B810,133372,81B0FDF00,134.8,UK Pound,134.8,UK Pound,Cheque,0
2022-09-01 07:33:00,70,10042B810,133372,81B0FDF00,292.18,UK Pound,292.18,UK Pound,Credit Card,0
2022-09-01 07:33:00,70,10042B8E8,14,8000B3BB0,19768.27,Mexican Peso,19768.27,Mexican Peso,Cheque,0
2022-09-01 07:54:00,70,10042B8E8,14,8000B3BB0,38102.74,Mexican Peso,38102.74,Mexican Peso,Credit Card,0
2022-09-01 07:55:00,70,10042B8E8,1135,810BF2920,110398.11,Mexican Peso,110398.11,Mexican Peso,Cheque,0
2022-09-01 07:59:00,70,10042B8E8,1135,810BF2920,136105.43,Mexican Peso,136105.43,Mexican Peso,Credit Card,0
2022-09-01 07:52:00,70,10042B8E8,1135,810DAD040,1250.83,Mexican Peso,1250.83,Mexican Peso,Cheque,0
2022-09-01 07:48:00,70,10042B8E8,1135,810DAD040,4253.07,Mexican Peso,4253.07,Mexican Peso,Cash,0
2022-09-01 07:56:00,70,10042B8E8,41014,810DCFAA0,186728.83,Mexican Peso,186728.83,Mexican Peso,Cheque,0
2022-09-01 07:48:00,70,10042B8E8,41014,810DCFAA0,6934.29,Mexican Peso,6934.29,Mexican Peso,Credit Card,0
2022-09-01 07:57:00,70,10042B8E8,19,810DF3F50,15215807.57,Mexican Peso,15215807.57,Mexican Peso,Cheque,0
2022-09-01 07:53:00,70,10042B8E8,19,810DF3F50,19178515.11,Mexican Peso,19178515.11,Mexican Peso,Cash,0
2022-09-01 07:50:00,70,10042B8E8,1135,810E14B70,93257.69,Mexican Peso,93257.69,Mexican Peso,Cheque,0
2022-09-01 07:40:00,70,10042B8E8,113,810E816F0,22507.27,Mexican Peso,22507.27,Mexican Peso,Cheque,0
2022-09-01 07:51:00,70,10042B8E8,113,810E816F0,3472.71,Mexican Peso,3472.71,Mexican Peso,Credit Card,0
2022-09-01 07:38:00,70,10042B8E8,245729,811053580,5004028.65,Mexican Peso,5004028.65,Mexican Peso,Cheque,0
2022-09-01 07:43:00,70,10042B8E8,245729,811053580,582640.6,Mexican Peso,582640.6,Mexican Peso,Credit Card,0
2022-09-01 07:50:00,70,10042B8E8,245729,811053580,5478.52,Mexican Peso,5478.52,Mexican Peso,Cash,0
2022-09-01 07:42:00,70,10042B8E8,113,8110D0DB0,43283.58,Mexican Peso,43283.58,Mexican Peso,Cheque,0
2022-09-01 07:36:00,70,10042B8E8,113,8110D0DB0,57932.04,Mexican Peso,57932.04,Mexican Peso,Credit Card,0
2022-09-01 07:31:00,70,10042B8E8,113,8110D0DB0,3744.69,Mexican Peso,3744.69,Mexican Peso,Cash,0
2022-09-01 07:52:00,70,10042B8E8,146529,811211690,515.33,Mexican Peso,515.33,Mexican Peso,Cheque,0
2022-09-01 07:52:00,70,10042B8E8,146529,811211690,2650.25,Mexican Peso,2650.25,Mexican Peso,Credit Card,0
2022-09-01 07:40:00,70,10042B8E8,245681,8112A6AF0,14009.24,Mexican Peso,14009.24,Mexican Peso,Cheque,0
2022-09-01 07:44:00,70,10042B8E8,245681,8112A6AF0,29144.33,Mexican Peso,29144.33,Mexican Peso,Credit Card,0
2022-09-01 07:36:00,70,10042B8E8,245772,811340490,31635.56,Mexican Peso,31635.56,Mexican Peso,Cheque,0
2022-09-01 07:59:00,70,10042B8E8,245772,811340490,9116.54,Mexican Peso,9116.54,Mexican Peso,Credit Card,0
2022-09-01 07:31:00,70,10042B8E8,245772,811325080,5607225.65,Mexican Peso,5607225.65,Mexican Peso,Cheque,0
2022-09-01 08:19:00,70,10042B7C8,23,80B06CFD0,58609.29,Ruble,58609.29,Ruble,Cheque,0
2022-09-01 08:12:00,70,10042B7C8,23,80B06CFD0,124897.4,Ruble,124897.4,Ruble,Credit Card,0
2022-09-01 08:28:00,70,10042B7C8,23,80B500C70,113954.21,Ruble,113954.21,Ruble,Cheque,0
2022-09-01 08:20:00,70,10042B7C8,23,80B500C70,22754.62,Ruble,22754.62,Ruble,Credit Card,0
2022-09-01 08:20:00,70,10042B7C8,19,80B501D40,136439.47,Ruble,136439.47,Ruble,Cheque,0
2022-09-01 08:19:00,70,10042B7C8,19,80B501D40,77832.49,Ruble,77832.49,Ruble,Cash,0
2022-09-01 08:01:00,70,10042B7C8,30959,80BDDF300,13155753.67,Ruble,13155753.67,Ruble,Cheque,0
2022-09-01 08:08:00,70,10042B7C8,30959,80BDDF300,10668652.07,Ruble,10668652.07,Ruble,Cash,0
2022-09-01 08:14:00,70,10042B7C8,16,80BE732B0,58288233.92,Ruble,58288233.92,Ruble,Cheque,0
2022-09-01 08:04:00,70,10042B7C8,16,80BE732B0,1421445.8,Ruble,1421445.8,Ruble,Credit Card,0
2022-09-01 08:27:00,70,10042B7C8,16,80BE732B0,211499902.07,Ruble,211499902.07,Ruble,Cash,0
2022-09-01 08:15:00,70,10042B7C8,132448,80BF39B80,8048.33,Ruble,8048.33,Ruble,Cheque,0
2022-09-01 08:27:00,70,10042B7C8,132448,80BF39B80,11804.75,Ruble,11804.75,Ruble,Credit Card,0
2022-09-01 08:00:00,70,10042B7C8,231975,80C1F5850,125958.43,Ruble,125958.43,Ruble,Cheque,0
2022-09-01 08:08:00,70,10042B7C8,231975,80C1F5850,19226.11,Ruble,19226.11,Ruble,Credit Card,0
2022-09-01 08:18:00,70,10042B810,8,80C2A85A0,42088.05,UK Pound,42088.05,UK Pound,Cheque,0
2022-09-01 08:00:00,70,10042B810,8,80C2A85A0,13031.74,UK Pound,13031.74,UK Pound,Credit Card,0
2022-09-01 08:03:00,70,10042B810,8,80C2A85A0,6021.68,UK Pound,6021.68,UK Pound,Cash,0
2022-09-01 08:01:00,70,10042B810,133159,80C3C4F90,246.69,UK Pound,246.69,UK Pound,Cheque,0
2022-09-01 08:16:00,70,10042B810,133159,80C3C4F90,926.64,UK Pound,926.64,UK Pound,Credit Card,0
2022-09-01 08:25:00,70,10042B810,133159,80C3C4F90,863.56,UK Pound,863.56,UK Pound,Cash,0
2022-09-01 08:12:00,70,10042B810,233064,80C437770,316.94,UK Pound,316.94,UK Pound,Cheque,0
2022-09-01 08:17:00,70,10042B810,29,80C4C7CF0,2777.17,UK Pound,2777.17,UK Pound,Cheque,0
2022-09-01 08:24:00,70,10042B810,233601,80C6B7A00,5035.83,UK Pound,5035.83,UK Pound,Cheque,0
2022-09-01 08:01:00,70,10042B810,233601,80C6B7A00,4368.21,UK Pound,4368.21,UK Pound,Cash,0
2022-09-01 08:09:00,70,10042B810,233186,80C71B980,502.49,UK Pound,502.49,UK Pound,Cheque,0
2022-09-01 08:19:00,70,10042B810,33858,80C71E9C0,931279.19,UK Pound,931279.19,UK Pound,Cheque,0
2022-09-01 08:05:00,70,10042B810,33858,80C71E9C0,9446.47,UK Pound,9446.47,UK Pound,Credit Card,0
2022-09-01 08:06:00,70,10042B810,33858,80C71E9C0,15837.94,UK Pound,15837.94,UK Pound,Cash,0
2022-09-01 08:11:00,70,10042B810,33858,80C80AEE0,686.67,UK Pound,686.67,UK Pound,Cheque,0
2022-09-01 08:19:00,70,10042B810,33858,80C80AEE0,13.63,UK Pound,13.63,UK Pound,Credit Card,0
2022-09-01 08:25:00,70,10042B810,33858,80C80AEE0,0.26,UK Pound,0.26,UK Pound,Cash,0
2022-09-01 08:17:00,70,10042B810,8,80C921380,58.38,UK Pound,58.38,UK Pound,Cheque,0
2022-09-01 08:21:00,70,10042B810,8,80C921380,96.56,UK Pound,96.56,UK Pound,Cash,0
2022-09-01 08:23:00,70,10042B810,134640,810AE6330,133.08,UK Pound,133.08,UK Pound,Cheque,0
2022-09-01 08:15:00,70,10042B810,134640,810AE6330,0.05,UK Pound,0.05,UK Pound,Credit Card,0
2022-09-01 08:22:00,70,10042B8E8,215,810D94B00,18496.64,Mexican Peso,18496.64,Mexican Peso,Cheque,0
2022-09-01 08:27:00,70,10042B8E8,215,810D94B00,13448.44,Mexican Peso,13448.44,Mexican Peso,Cash,0
2022-09-01 08:17:00,70,10042B8E8,1135,810DFDCE0,15770.61,Mexican Peso,15770.61,Mexican Peso,Cheque,0
2022-09-01 08:03:00,70,10042B8E8,1135,810DFDCE0,112.68,Mexican Peso,112.68,Mexican Peso,Credit Card,0
2022-09-01 08:22:00,70,10042B8E8,1135,810DFDCE0,21.13,Mexican Peso,21.13,Mexican Peso,Cash,0
2022-09-01 08:07:00,70,10042B8E8,245681,810EAA100,327882.78,Mexican Peso,327882.78,Mexican Peso,Cheque,0
2022-09-01 08:20:00,70,10042B8E8,245681,810EAA100,50247.5,Mexican Peso,50247.5,Mexican Peso,Cash,0
2022-09-01 08:09:00,70,10042B8E8,1135,810EFB350,47712.22,Mexican Peso,47712.22,Mexican Peso,Cheque,0
2022-09-01 08:06:00,70,10042B8E8,1135,810EFB350,23124.14,Mexican Peso,23124.14,Mexican Peso,Credit Card,0
2022-09-01 08:22:00,70,10042B8E8,1135,810FB2210,88902.85,Mexican Peso,88902.85,Mexican Peso,Cheque,0
2022-09-01 08:19:00,70,10042B8E8,19,8110B4F80,199752.78,Mexican Peso,199752.78,Mexican Peso,Cheque,0
2022-09-01 08:26:00,70,10042B8E8,19,8110B4F80,95648.49,Mexican Peso,95648.49,Mexican Peso,Credit Card,0
2022-09-01 08:11:00,70,10042B8E8,245729,8112DAAE0,28942.12,Mexican Peso,28942.12,Mexican Peso,Cheque,0
2022-09-01 08:16:00,70,10042B8E8,245729,8112DAAE0,4058.35,Mexican Peso,4058.35,Mexican Peso,Credit Card,0
2022-09-01 08:02:00,70,10042B8E8,19,811324AF0,684014.91,Mexican Peso,684014.91,Mexican Peso,Cash,0
2022-09-01 08:28:00,70,10042B8E8,246242,811381E70,1084533.12,Mexican Peso,1084533.12,Mexican Peso,Cheque,0
2022-09-01 08:17:00,70,10042B8E8,246242,811381E70,557447.29,Mexican Peso,557447.29,Mexican Peso,Credit Card,0
2022-09-01 08:08:00,70,10042B8E8,246242,811381E70,71151.46,Mexican Peso,71151.46,Mexican Peso,Cash,0
2022-09-01 08:16:00,70,10042B8E8,113,8113CA5E0,31833141.64,Mexican Peso,31833141.64,Mexican Peso,Cash,0
2022-09-01 08:39:00,70,10042B7C8,27,80AFA6310,32776.54,Ruble,32776.54,Ruble,Cheque,0
2022-09-01 08:44:00,70,10042B7C8,18,80AFC2940,27893.34,Ruble,27893.34,Ruble,Cheque,0
2022-09-01 08:34:00,70,10042B7C8,18,80AFC2940,44080.05,Ruble,44080.05,Ruble,Cash,0
2022-09-01 08:39:00,70,10042B7C8,19,80B012B00,32083.01,Ruble,32083.01,Ruble,Cheque,0
2022-09-01 08:35:00,70,10042B7C8,19,80B012B00,153946.56,Ruble,153946.56,Ruble,Credit Card,0
2022-09-01 08:55:00,70,10042B7C8,16,80AFB9270,182968.81,Ruble,182968.81,Ruble,Cheque,0
2022-09-01 08:38:00,70,10042B7C8,16,80AFB9270,245582.42,Ruble,245582.42,Ruble,Cash,0
2022-09-01 08:31:00,70,10042B7C8,23,80B4F4A90,91599.67,Ruble,91599.67,Ruble,Cheque,0
2022-09-01 08:45:00,70,10042B7C8,23,80B4F4A90,6119.68,Ruble,6119.68,Ruble,Credit Card,0
2022-09-01 08:56:00,70,10042B7C8,27,80BAC49F0,29437.69,Ruble,29437.69,Ruble,Cheque,0
2022-09-01 08:43:00,70,10042B7C8,16,80BCD4090,5997.74,Ruble,5997.74,Ruble,Cheque,0
2022-09-01 08:47:00,70,10042B7C8,16,80BCD4090,150.95,Ruble,150.95,Ruble,Credit Card,0
2022-09-01 08:58:00,70,10042B7C8,27,80BD287F0,66206.98,Ruble,66206.98,Ruble,Cheque,0
2022-09-01 08:38:00,70,10042B7C8,23,80C02C1A0,1754177.95,Ruble,1754177.95,Ruble,Cheque,0
2022-09-01 08:50:00,70,10042B7C8,23,80C02C1A0,745893.26,Ruble,745893.26,Ruble,Credit Card,0
2022-09-01 08:52:00,70,10042B7C8,32755,80C11B910,3782.41,Ruble,3782.41,Ruble,Cheque,0
2022-09-01 08:50:00,70,10042B7C8,32755,80C11B910,13465.1,Ruble,13465.1,Ruble,Credit Card,0
2022-09-01 08:53:00,70,10042B7C8,231975,80C125370,252008.61,Ruble,252008.61,Ruble,Cheque,0
2022-09-01 08:53:00,70,10042B7C8,231975,80C125370,378654.62,Ruble,378654.62,Ruble,Credit Card,0
2022-09-01 08:53:00,70,10042B7C8,232630,80C1E4B70,98694.73,Ruble,98694.73,Ruble,Cheque,0
2022-09-01 08:52:00,70,10042B7C8,232630,80C1E4B70,105723.65,Ruble,105723.65,Ruble,Cash,0
2022-09-01 08:35:00,70,10042B810,232857,80C2A0110,823.85,UK Pound,823.85,UK Pound,Cheque,0
2022-09-01 08:56:00,70,10042B810,232857,80C2A0110,442.82,UK Pound,442.82,UK Pound,Cash,0
2022-09-01 08:44:00,70,10042B810,7,80C2B2E00,11966.75,UK Pound,11966.75,UK Pound,Cheque,0
2022-09-01 08:46:00,70,10042B810,7,80C2B2E00,3982.41,UK Pound,3982.41,UK Pound,Credit Card,0
2022-09-01 08:34:00,70,10042B810,133159,80C35EE20,1222.29,UK Pound,1222.29,UK Pound,Cheque,0
2022-09-01 08:54:00,70,10042B810,133159,80C35EE20,72.73,UK Pound,72.73,UK Pound,Credit Card,0
2022-09-01 08:39:00,70,10042B810,8,80C38BDD0,4980.42,UK Pound,4980.42,UK Pound,Cheque,0
2022-09-01 08:45:00,70,10042B810,8,80C38BDD0,4540.65,UK Pound,4540.65,UK Pound,Credit Card,0
2022-09-01 08:50:00,70,10042B810,8,80C38BDD0,25748.61,UK Pound,25748.61,UK Pound,Cash,0
2022-09-01 08:39:00,70,10042B810,33370,80C3E0630,572.76,UK Pound,572.76,UK Pound,Cheque,0
2022-09-01 08:45:00,70,10042B810,33370,80C3E0630,788.53,UK Pound,788.53,UK Pound,Credit Card,0
2022-09-01 08:46:00,70,10042B810,233064,80C402220,20.2,UK Pound,20.2,UK Pound,Cheque,0
2022-09-01 08:30:00,70,10042B810,233064,80C402220,90.23,UK Pound,90.23,UK Pound,Credit Card,0
2022-09-01 08:59:00,70,10042B810,33370,80C41B2D0,50.28,UK Pound,50.28,UK Pound,Cheque,0
2022-09-01 08:32:00,70,10042B810,33370,80C41B2D0,174.92,UK Pound,174.92,UK Pound,Credit Card,0
2022-09-01 08:38:00,70,10042B810,33370,80C41B2D0,23.21,UK Pound,23.21,UK Pound,Cash,0
2022-09-01 08:38:00,70,10042B810,234165,80CA36FF0,117.62,UK Pound,117.62,UK Pound,Cheque,0
2022-09-01 08:41:00,70,10042B810,234165,80CA36FF0,486.53,UK Pound,486.53,UK Pound,Cash,0
2022-09-01 08:47:00,70,10042B810,233706,80CB62000,19147.0,UK Pound,19147.0,UK Pound,Cheque,0
2022-09-01 08:40:00,70,10042B810,233706,80CB62000,5425.47,UK Pound,5425.47,UK Pound,Credit Card,0
2022-09-01 08:46:00,70,10042B810,8,80CF1D350,3759.73,UK Pound,3759.73,UK Pound,Cheque,0
2022-09-01 08:49:00,70,10042B810,8,80CF1D350,1331.59,UK Pound,1331.59,UK Pound,Credit Card,0
2022-09-01 08:52:00,70,10042B810,8,80CF1D350,1048.89,UK Pound,1048.89,UK Pound,Cash,0
2022-09-01 08:41:00,70,10042B810,29,80E03AAA0,3820.76,UK Pound,3820.76,UK Pound,Cheque,0
2022-09-01 08:50:00,70,10042B810,34293,813297AD0,107.92,UK Pound,107.92,UK Pound,Cheque,0
2022-09-01 08:49:00,70,10042B810,34293,813297AD0,15.58,UK Pound,15.58,UK Pound,Cash,0
2022-09-01 08:59:00,70,10042B8E8,19,8000B4F00,309408.58,Mexican Peso,309408.58,Mexican Peso,Cheque,0
2022-09-01 08:40:00,70,10042B8E8,19,8000B4F00,25570.91,Mexican Peso,25570.91,Mexican Peso,Credit Card,0
2022-09-01 08:59:00,70,10042B8E8,19,8000B4F00,31318.33,Mexican Peso,31318.33,Mexican Peso,Cash,0
2022-09-01 08:33:00,70,10042B8E8,245772,810FB51C0,3778018.88,Mexican Peso,3778018.88,Mexican Peso,Cheque,0
2022-09-01 08:41:00,70,10042B8E8,245772,810FB51C0,411020.59,Mexican Peso,411020.59,Mexican Peso,Credit Card,0
2022-09-01 08:31:00,70,10042B8E8,245772,810FB51C0,1146688.1,Mexican Peso,1146688.1,Mexican Peso,Cash,0
2022-09-01 08:42:00,70,10042B8E8,245681,811063280,26948.48,Mexican Peso,26948.48,Mexican Peso,Cheque,0
2022-09-01 08:46:00,70,10042B8E8,245681,811063280,339.27,Mexican Peso,339.27,Mexican Peso,Credit Card,0
2022-09-01 08:55:00,70,10042B8E8,45907,811097E10,14395.99,Mexican Peso,14395.99,Mexican Peso,Cheque,0
2022-09-01 08:46:00,70,10042B8E8,45907,811097E10,19528.59,Mexican Peso,19528.59,Mexican Peso,Credit Card,0
2022-09-01 08:52:00,70,10042B8E8,113,8110A47C0,30846.23,Mexican Peso,30846.23,Mexican Peso,Cheque,0
2022-09-01 08:54:00,70,10042B8E8,113,8110A47C0,47255.59,Mexican Peso,47255.59,Mexican Peso,Credit Card,0
2022-09-01 08:50:00,70,10042B8E8,113,8110A47C0,26197.02,Mexican Peso,26197.02,Mexican Peso,Cash,0
2022-09-01 08:53:00,70,10042B8E8,245681,810FCE7C0,291740.05,Mexican Peso,291740.05,Mexican Peso,Cheque,0
2022-09-01 08:33:00,70,10042B8E8,41014,8111BAD70,2591.52,Mexican Peso,2591.52,Mexican Peso,Cheque,0
2022-09-01 08:55:00,70,10042B8E8,41014,8111BAD70,8660.65,Mexican Peso,8660.65,Mexican Peso,Credit Card,0
2022-09-01 08:47:00,70,10042B8E8,19,811279190,8816.49,Mexican Peso,8816.49,Mexican Peso,Cheque,0
2022-09-01 08:33:00,70,10042B8E8,19,811279190,34563.25,Mexican Peso,34563.25,Mexican Peso,Credit Card,0
2022-09-01 08:47:00,70,10042B8E8,146776,8112DBAD0,5110486.49,Mexican Peso,5110486.49,Mexican Peso,Cheque,0
2022-09-01 08:41:00,70,10042B8E8,146776,8112DBAD0,464940.29,Mexican Peso,464940.29,Mexican Peso,Credit Card,0
2022-09-01 08:44:00,70,10042B8E8,146776,8112DBAD0,1356574.61,Mexican Peso,1356574.61,Mexican Peso,Cash,0
2022-09-01 08:48:00,70,10042B8E8,246574,81135ADB0,12396.41,Mexican Peso,12396.41,Mexican Peso,Cheque,0
2022-09-01 08:30:00,70,10042B8E8,246574,81135ADB0,27254.24,Mexican Peso,27254.24,Mexican Peso,Cash,0
2022-09-01 08:57:00,70,10042B8E8,146776,811408A60,356671.76,Mexican Peso,356671.76,Mexican Peso,Cheque,0
2022-09-01 08:51:00,70,10042B8E8,246505,811431A80,92901.99,Mexican Peso,92901.99,Mexican Peso,Cheque,0
2022-09-01 09:18:00,70,10042B7C8,27,80AFDD450,102681.43,Ruble,102681.43,Ruble,Cheque,0
2022-09-01 09:12:00,70,10042B7C8,27,80AFDD450,31390.43,Ruble,31390.43,Ruble,Cash,0
2022-09-01 09:10:00,70,10042B7C8,285,80B4F8210,53902.06,Ruble,53902.06,Ruble,Cheque,0
2022-09-01 09:27:00,70,10042B7C8,285,80B4F8210,62890.53,Ruble,62890.53,Ruble,Cash,0
2022-09-01 09:06:00,70,10042B7C8,23,80BAD7860,103661.96,Ruble,103661.96,Ruble,Cheque,0
2022-09-01 09:10:00,70,10042B7C8,23,80BAD7860,47524.0,Ruble,47524.0,Ruble,Credit Card,0
2022-09-01 09:11:00,70,10042B7C8,16,80BD25000,169162.36,Ruble,169162.36,Ruble,Cheque,0
2022-09-01 09:11:00,70,10042B7C8,131036,80BD30390,34069.26,Ruble,34069.26,Ruble,Cheque,0
2022-09-01 09:12:00,70,10042B7C8,131036,80BD30390,18647.0,Ruble,18647.0,Ruble,Cash,0
2022-09-01 09:13:00,70,10042B7C8,18,80BD645F0,615540.4,Ruble,615540.4,Ruble,Cheque,0
2022-09-01 09:02:00,70,10042B7C8,18,80BD645F0,260753.07,Ruble,260753.07,Ruble,Credit Card,0
2022-09-01 09:08:00,70,10042B7C8,18,80BD645F0,537333.15,Ruble,537333.15,Ruble,Cash,0
2022-09-01 09:06:00,70,10042B7C8,230595,80BDA0DC0,489821.97,Ruble,489821.97,Ruble,Cheque,0
2022-09-01 09:28:00,70,10042B7C8,230595,80BDA0DC0,52334.83,Ruble,52334.83,Ruble,Cash,0
2022-09-01 09:03:00,70,10042B7C8,16,80BEBE9C0,62820.99,Ruble,62820.99,Ruble,Cheque,0
2022-09-01 09:09:00,70,10042B7C8,16,80BEBE9C0,176366.92,Ruble,176366.92,Ruble,Cash,0
2022-09-01 09:22:00,70,10042B7C8,231975,80BEC40D0,88844442.03,Ruble,88844442.03,Ruble,Cheque,0
2022-09-01 09:19:00,70,10042B7C8,131036,80C01BCD0,11520.91,Ruble,11520.91,Ruble,Cheque,0
2022-09-01 09:08:00,70,10042B7C8,131036,80C01BCD0,1750.79,Ruble,1750.79,Ruble,Credit Card,0
2022-09-01 09:29:00,70,10042B7C8,230595,80C065770,1251695.23,Ruble,1251695.23,Ruble,Cheque,0
2022-09-01 09:25:00,70,10042B7C8,232081,80C0729A0,9337.25,Ruble,9337.25,Ruble,Cheque,0
2022-09-01 09:25:00,70,10042B7C8,232081,80C0729A0,8179.37,Ruble,8179.37,Ruble,Cash,0
2022-09-01 09:13:00,70,10042B7C8,32245,80C167910,43363.79,Ruble,43363.79,Ruble,Cheque,0
2022-09-01 09:03:00,70,10042B7C8,18,80C1BBA30,48008.61,Ruble,48008.61,Ruble,Credit Card,0
2022-09-01 09:02:00,70,10042B810,7,80C2CB870,570.64,UK Pound,570.64,UK Pound,Cheque,0
2022-09-01 09:18:00,70,10042B810,8,80C363D70,350.83,UK Pound,350.83,UK Pound,Cheque,0
2022-09-01 09:27:00,70,10042B810,29,80C3C2CA0,63.6,UK Pound,63.6,UK Pound,Cheque,0
2022-09-01 09:21:00,70,10042B810,29,80C3C2CA0,135.05,UK Pound,135.05,UK Pound,Cash,0
2022-09-01 09:26:00,70,10042B810,233186,80C4627E0,9281.71,UK Pound,9281.71,UK Pound,Cheque,0
2022-09-01 09:05:00,70,10042B810,233186,80C4627E0,6680.25,UK Pound,6680.25,UK Pound,Credit Card,0
2022-09-01 09:24:00,70,10042B810,233186,80C4627E0,3982.92,UK Pound,3982.92,UK Pound,Cash,0
2022-09-01 09:12:00,70,10042B810,8,80C8D7980,1472.12,UK Pound,1472.12,UK Pound,Cheque,0
2022-09-01 09:21:00,70,10042B810,8,80C8D7980,8.73,UK Pound,8.73,UK Pound,Credit Card,0
2022-09-01 09:29:00,70,10042B810,234116,80CA2C0A0,2854.64,UK Pound,2854.64,UK Pound,Cheque,0
2022-09-01 09:07:00,70,10042B810,234116,80CA2C0A0,2977.69,UK Pound,2977.69,UK Pound,Credit Card,0
2022-09-01 09:23:00,70,10042B810,134053,80CA34B90,171.14,UK Pound,171.14,UK Pound,Cheque,0
2022-09-01 09:17:00,70,10042B810,232857,80CBB5D60,155.06,UK Pound,155.06,UK Pound,Cheque,0
2022-09-01 09:27:00,70,10042B810,232857,80CBB5D60,225.02,UK Pound,225.02,UK Pound,Credit Card,0
2022-09-01 09:06:00,70,10042B810,134489,80CF2EC70,286.01,UK Pound,286.01,UK Pound,Cheque,0
2022-09-01 09:25:00,70,10042B810,134489,80CF2EC70,275.54,UK Pound,275.54,UK Pound,Cash,0
2022-09-01 09:22:00,70,10042B810,134750,80CC82E10,190.57,UK Pound,190.57,UK Pound,Cheque,0
2022-09-01 09:01:00,70,10042B810,134750,80CC82E10,276.73,UK Pound,276.73,UK Pound,Cash,0
2022-09-01 09:09:00,70,10042B810,25,81B10B990,102.36,UK Pound,102.36,UK Pound,Cheque,0
2022-09-01 09:29:00,70,10042B810,25,81B10B990,23.04,UK Pound,23.04,UK Pound,Cash,0
2022-09-01 09:24:00,70,10042B8E8,14,80F2FD270,5836.06,Mexican Peso,5836.06,Mexican Peso,Cheque,0
2022-09-01 09:21:00,70,10042B8E8,14,80F2FD270,607.0,Mexican Peso,607.0,Mexican Peso,Cash,0
2022-09-01 09:22:00,70,10042B8E8,19,810F159D0,8888.58,Mexican Peso,8888.58,Mexican Peso,Cheque,0
2022-09-01 09:27:00,70,10042B8E8,19,810F159D0,201.52,Mexican Peso,201.52,Mexican Peso,Cash,0
2022-09-01 09:16:00,70,10042B8E8,245729,810F87690,103057.04,Mexican Peso,103057.04,Mexican Peso,Cheque,0
2022-09-01 09:15:00,70,10042B8E8,245729,810F87690,34511.99,Mexican Peso,34511.99,Mexican Peso,Credit Card,0
2022-09-01 09:13:00,70,10042B8E8,245772,810FB8220,33958.16,Mexican Peso,33958.16,Mexican Peso,Cheque,0
2022-09-01 09:24:00,70,10042B8E8,14,811126020,36898.21,Mexican Peso,36898.21,Mexican Peso,Cheque,0
2022-09-01 09:07:00,70,10042B8E8,14,811126020,47548.82,Mexican Peso,47548.82,Mexican Peso,Cash,0
2022-09-01 09:04:00,70,10042B8E8,146341,811142E80,60934.21,Mexican Peso,60934.21,Mexican Peso,Cheque,0
2022-09-01 09:09:00,70,10042B8E8,45977,8111E0080,28222.54,Mexican Peso,28222.54,Mexican Peso,Cheque,0
2022-09-01 09:12:00,70,10042B8E8,19,811279190,418218.19,Mexican Peso,418218.19,Mexican Peso,Cheque,0
2022-09-01 09:09:00,70,10042B8E8,19,811279190,127069.22,Mexican Peso,127069.22,Mexican Peso,Credit Card,0
2022-09-01 09:00:00,70,10042B8E8,13,8113A1EB0,214509.51,Mexican Peso,214509.51,Mexican Peso,Cheque,0
2022-09-01 09:29:00,70,10042B8E8,13,8113A1EB0,45112.89,Mexican Peso,45112.89,Mexican Peso,Cash,0
2022-09-01 09:25:00,70,10042B8E8,46228,8154E2EC0,1592430.47,Mexican Peso,1592430.47,Mexican Peso,Cheque,0
2022-09-01 09:05:00,70,10042B8E8,46228,8154E2EC0,519194.52,Mexican Peso,519194.52,Mexican Peso,Cash,0
2022-09-01 09:22:00,70,10042B8E8,245729,8154E37B0,85128.45,Mexican Peso,85128.45,Mexican Peso,Cheque,0
2022-09-01 09:04:00,70,10042B8E8,245729,8154E37B0,14319.97,Mexican Peso,14319.97,Mexican Peso,Cash,0
2022-09-01 09:48:00,70,10042B7C8,285,800091730,10027.28,Ruble,10027.28,Ruble,Cheque,0
2022-09-01 09:43:00,70,10042B7C8,285,800091730,39398.22,Ruble,39398.22,Ruble,Cash,0
2022-09-01 09:43:00,70,10042B7C8,27,80AF745A0,18825.52,Ruble,18825.52,Ruble,Cheque,0
2022-09-01 09:38:00,70,10042B7C8,27,80AF745A0,57019.46,Ruble,57019.46,Ruble,Credit Card,0
2022-09-01 09:41:00,70,10042B7C8,27,80B06EA10,56423.36,Ruble,56423.36,Ruble,Cheque,0
2022-09-01 09:48:00,70,10042B7C8,27,80B06EA10,17288.8,Ruble,17288.8,Ruble,Credit Card,0
2022-09-01 09:50:00,70,10042B7C8,27,80B08B080,18378691.64,Ruble,18378691.64,Ruble,Cheque,0
2022-09-01 09:55:00,70,10042B7C8,27,80B08B080,5466073.57,Ruble,5466073.57,Ruble,Cash,0
2022-09-01 09:32:00,70,10042B7C8,23,80B093760,182745.52,Ruble,182745.52,Ruble,Cheque,0
2022-09-01 09:54:00,70,10042B7C8,19,80B4EF9A0,16718.28,Ruble,16718.28,Ruble,Cheque,0
2022-09-01 09:40:00,70,10042B7C8,19,80B4EF9A0,810.91,Ruble,810.91,Ruble,Credit Card,0
2022-09-01 09:59:00,70,10042B7C8,27,80B5150F0,5641.32,Ruble,5641.32,Ruble,Cheque,0
2022-09-01 09:31:00,70,10042B7C8,27,80B5150F0,5977.26,Ruble,5977.26,Ruble,Credit Card,0
2022-09-01 09:40:00,70,10042B7C8,27,80BD53B80,14007196.9,Ruble,14007196.9,Ruble,Cheque,0
2022-09-01 09:55:00,70,10042B7C8,30959,80BD629E0,131394.2,Ruble,131394.2,Ruble,Credit Card,0
2022-09-01 09:48:00,70,10042B7C8,30959,80BD629E0,453705.07,Ruble,453705.07,Ruble,Cash,0
2022-09-01 09:41:00,70,10042B7C8,230595,80BD933E0,14955.22,Ruble,14955.22,Ruble,Cheque,0
2022-09-01 09:30:00,70,10042B7C8,230595,80BD933E0,17152.62,Ruble,17152.62,Ruble,Credit Card,0
2022-09-01 09:55:00,70,10042B7C8,18,80BE6B090,3022418.0,Ruble,3022418.0,Ruble,Cheque,0
2022-09-01 09:37:00,70,10042B7C8,18,80BE6B090,4127594.3,Ruble,4127594.3,Ruble,Cash,0
2022-09-01 09:52:00,70,10042B7C8,30959,80BE93760,9407.37,Ruble,9407.37,Ruble,Credit Card,0
2022-09-01 09:57:00,70,10042B7C8,30959,80BE93760,2927.6,Ruble,2927.6,Ruble,Cash,0
2022-09-01 09:44:00,70,10042B7C8,30959,80C073920,216300.68,Ruble,216300.68,Ruble,Cheque,0
2022-09-01 09:47:00,70,10042B7C8,30959,80C073920,35773.97,Ruble,35773.97,Ruble,Credit Card,0
2022-09-01 09:45:00,70,10042B7C8,30959,80C073920,21306.61,Ruble,21306.61,Ruble,Cash,0
2022-09-01 09:41:00,70,10042B7C8,231975,80C199610,50803.07,Ruble,50803.07,Ruble,Cheque,0
2022-09-01 09:49:00,70,10042B7C8,231975,80C199610,48482.31,Ruble,48482.31,Ruble,Credit Card,0
2022-09-01 09:46:00,70,10042B7C8,231975,80C199610,6260.21,Ruble,6260.21,Ruble,Cash,0
2022-09-01 09:55:00,70,10042B7C8,231975,80C1A42E0,145854.81,Ruble,145854.81,Ruble,Cheque,0
2022-09-01 09:47:00,70,10042B7C8,231975,80C1A42E0,15993.39,Ruble,15993.39,Ruble,Credit Card,0
2022-09-01 09:40:00,70,10042B810,25,800096430,150.61,UK Pound,150.61,UK Pound,Cheque,0
2022-09-01 09:42:00,70,10042B810,25,800096430,22.45,UK Pound,22.45,UK Pound,Credit Card,0
2022-09-01 09:35:00,70,10042B810,29,800097C60,8198.73,UK Pound,8198.73,UK Pound,Cheque,0
2022-09-01 09:33:00,70,10042B810,29,800097C60,5908.86,UK Pound,5908.86,UK Pound,Credit Card,0
2022-09-01 09:40:00,70,10042B810,29,800097C60,6228.51,UK Pound,6228.51,UK Pound,Cash,0
2022-09-01 09:41:00,70,10042B810,133159,80C3FC840,12836.94,UK Pound,12836.94,UK Pound,Cheque,0
2022-09-01 09:36:00,70,10042B810,33370,80C440E60,21780.47,UK Pound,21780.47,UK Pound,Cheque,0
2022-09-01 09:56:00,70,10042B810,33370,80C440E60,38849.19,UK Pound,38849.19,UK Pound,Cash,0
2022-09-01 09:51:00,70,10042B810,33858,80C900FF0,192.59,UK Pound,192.59,UK Pound,Cheque,0
2022-09-01 09:50:00,70,10042B810,33858,80C900FF0,52.64,UK Pound,52.64,UK Pound,Credit Card,0
2022-09-01 09:44:00,70,10042B810,233282,80CA05930,42696.26,UK Pound,42696.26,UK Pound,Cheque,0
2022-09-01 09:45:00,70,10042B810,233282,80CA05930,21468.04,UK Pound,21468.04,UK Pound,Credit Card,0
2022-09-01 09:52:00,70,10042B810,233282,80CA05930,21816.88,UK Pound,21816.88,UK Pound,Cash,0
2022-09-01 09:41:00,70,10042B810,8,80CA37430,52421.69,UK Pound,52421.69,UK Pound,Cheque,0
2022-09-01 09:30:00,70,10042B810,8,80CA37430,14711.29,UK Pound,14711.29,UK Pound,Credit Card,0
2022-09-01 09:40:00,70,10042B810,8,80CA37430,23384.42,UK Pound,23384.42,UK Pound,Cash,0
2022-09-01 09:43:00,70,10042B810,234142,812354180,13370.07,UK Pound,13370.07,UK Pound,Cheque,0
2022-09-01 09:52:00,70,10042B810,234142,812354180,6537.82,UK Pound,6537.82,UK Pound,Credit Card,0
2022-09-01 09:51:00,70,10042B8E8,13,810D93B80,45046.1,Mexican Peso,45046.1,Mexican Peso,Cheque,0
2022-09-01 09:37:00,70,10042B8E8,13,810D93B80,2883.46,Mexican Peso,2883.46,Mexican Peso,Credit Card,0
2022-09-01 09:58:00,70,10042B8E8,41014,810DD18F0,91167.35,Mexican Peso,91167.35,Mexican Peso,Cheque,0
2022-09-01 09:59:00,70,10042B8E8,41014,810DD18F0,13239.59,Mexican Peso,13239.59,Mexican Peso,Credit Card,0
2022-09-01 09:46:00,70,10042B8E8,45907,810F09200,5197.52,Mexican Peso,5197.52,Mexican Peso,Cheque,0
2022-09-01 09:52:00,70,10042B8E8,45907,810F09200,8658.37,Mexican Peso,8658.37,Mexican Peso,Credit Card,0
2022-09-01 09:48:00,70,10042B8E8,41014,811036AD0,22631.43,Mexican Peso,22631.43,Mexican Peso,Cheque,0
2022-09-01 09:32:00,70,10042B8E8,246242,8111DC2F0,1707298.86,Mexican Peso,1707298.86,Mexican Peso,Cheque,0
2022-09-01 09:32:00,70,10042B8E8,1135,81123FC60,279292.44,Mexican Peso,279292.44,Mexican Peso,Cheque,0
2022-09-01 09:31:00,70,10042B8E8,1135,81123FC60,98139.87,Mexican Peso,98139.87,Mexican Peso,Credit Card,0
2022-09-01 09:40:00,70,10042B8E8,246269,81126D5E0,254756.4,Mexican Peso,254756.4,Mexican Peso,Cheque,0
2022-09-01 09:30:00,70,10042B8E8,246269,81126D5E0,49251.64,Mexican Peso,49251.64,Mexican Peso,Credit Card,0
2022-09-01 09:46:00,70,10042B8E8,246232,8112DE7B0,210782.08,Mexican Peso,210782.08,Mexican Peso,Cheque,0
2022-09-01 09:52:00,70,10042B8E8,246232,8112DE7B0,242330.87,Mexican Peso,242330.87,Mexican Peso,Credit Card,0
2022-09-01 09:37:00,70,10042B8E8,246232,8112DE7B0,1307166.11,Mexican Peso,1307166.11,Mexican Peso,Cash,0
2022-09-01 09:59:00,70,10042B8E8,246505,81131B9D0,737.51,Mexican Peso,737.51,Mexican Peso,Cheque,0
2022-09-01 09:52:00,70,10042B8E8,246505,81131B9D0,47.82,Mexican Peso,47.82,Mexican Peso,Cash,0
2022-09-01 09:59:00,70,10042B8E8,46152,8113535E0,19872.29,Mexican Peso,19872.29,Mexican Peso,Cheque,0
2022-09-01 09:32:00,70,10042B8E8,46152,8113535E0,4026.99,Mexican Peso,4026.99,Mexican Peso,Credit Card,0
2022-09-01 09:33:00,70,10042B8E8,46152,8113535E0,679.28,Mexican Peso,679.28,Mexican Peso,Cash,0
2022-09-01 09:47:00,70,10042B8E8,246574,8113B9A90,218533.09,Mexican Peso,218533.09,Mexican Peso,Cheque,0
2022-09-01 09:39:00,70,10042B8E8,246574,8113B9A90,19411.31,Mexican Peso,19411.31,Mexican Peso,Credit Card,0
2022-09-01 09:49:00,70,10042B8E8,246574,8113B9A90,21028.29,Mexican Peso,21028.29,Mexican Peso,Cash,0
2022-09-01 10:24:00,70,10042B7C8,19,8000493D0,12529.46,Ruble,12529.46,Ruble,Cheque,0
2022-09-01 10:14:00,70,10042B7C8,19,8000493D0,5517.13,Ruble,5517.13,Ruble,Cash,0
2022-09-01 10:10:00,70,10042B7C8,16,80AFE7220,6543.36,Ruble,6543.36,Ruble,Cheque,0
2022-09-01 10:24:00,70,10042B7C8,16,80AFE7220,869.69,Ruble,869.69,Ruble,Credit Card,0
2022-09-01 10:09:00,70,10042B7C8,16,80AFE7220,801.86,Ruble,801.86,Ruble,Cash,0
2022-09-01 10:29:00,70,10042B7C8,18,80B4A55F0,16586.53,Ruble,16586.53,Ruble,Cheque,0
2022-09-01 10:22:00,70,10042B7C8,18,80B4A55F0,484.45,Ruble,484.45,Ruble,Credit Card,0
2022-09-01 10:25:00,70,10042B7C8,23,80BAC5340,4260.12,Ruble,4260.12,Ruble,Cheque,0
2022-09-01 10:09:00,70,10042B7C8,23,80BAC5340,14999.78,Ruble,14999.78,Ruble,Cash,0
2022-09-01 10:11:00,70,10042B7C8,131036,80BAC6B20,163481.38,Ruble,163481.38,Ruble,Cheque,0
2022-09-01 10:29:00,70,10042B7C8,131036,80BAC6B20,8408.68,Ruble,8408.68,Ruble,Credit Card,0
2022-09-01 10:00:00,70,10042B7C8,27,80BCF5B80,983.77,Ruble,983.77,Ruble,Cheque,0
2022-09-01 10:29:00,70,10042B7C8,27,80BCF5B80,614.06,Ruble,614.06,Ruble,Credit Card,0
2022-09-01 10:28:00,70,10042B7C8,132300,80BD39EB0,39632.18,Ruble,39632.18,Ruble,Cheque,0
2022-09-01 10:12:00,70,10042B7C8,132300,80BD39EB0,49306.23,Ruble,49306.23,Ruble,Credit Card,0
2022-09-01 10:10:00,70,10042B7C8,231975,80BE62E70,76769.61,Ruble,76769.61,Ruble,Cheque,0
2022-09-01 10:02:00,70,10042B7C8,231975,80BE62E70,37590.47,Ruble,37590.47,Ruble,Credit Card,0
2022-09-01 10:28:00,70,10042B7C8,231975,80BE62E70,61627.12,Ruble,61627.12,Ruble,Cash,0
2022-09-01 10:27:00,70,10042B7C8,232452,80BFFB6B0,1228.97,Ruble,1228.97,Ruble,Cheque,0
2022-09-01 10:10:00,70,10042B7C8,232452,80BFFB6B0,3270.6,Ruble,3270.6,Ruble,Credit Card,0
2022-09-01 10:06:00,70,10042B7C8,232452,80BFFB6B0,4706.28,Ruble,4706.28,Ruble,Cash,0
2022-09-01 10:28:00,70,10042B7C8,285,80C012E60,924611.22,Ruble,924611.22,Ruble,Cheque,0
2022-09-01 10:21:00,70,10042B7C8,285,80C012E60,792199.75,Ruble,792199.75,Ruble,Cash,0
2022-09-01 10:11:00,70,10042B7C8,132425,80C0BB990,2057376.75,Ruble,2057376.75,Ruble,Cheque,0
2022-09-01 10:13:00,70,10042B7C8,132425,80C0BB990,328429.02,Ruble,328429.02,Ruble,Credit Card,0
2022-09-01 10:03:00,70,10042B7C8,232452,80C16A120,30565.0,Ruble,30565.0,Ruble,Cheque,0
2022-09-01 10:09:00,70,10042B7C8,232452,80C16A120,41197.35,Ruble,41197.35,Ruble,Credit Card,0
2022-09-01 10:17:00,70,10042B7C8,232452,80C16A120,30547.47,Ruble,30547.47,Ruble,Cash,0
2022-09-01 10:10:00,70,10042B810,7,80C3FB4F0,551.54,UK Pound,551.54,UK Pound,Cheque,0
2022-09-01 10:21:00,70,10042B810,7,80C3FB4F0,813.56,UK Pound,813.56,UK Pound,Credit Card,0
2022-09-01 10:11:00,70,10042B810,33370,80C455060,12371.5,UK Pound,12371.5,UK Pound,Cheque,0
2022-09-01 10:09:00,70,10042B810,133372,80C45CB10,860.88,UK Pound,860.88,UK Pound,Cheque,0
2022-09-01 10:21:00,70,10042B810,133372,80C45CB10,107.03,UK Pound,107.03,UK Pound,Credit Card,0
2022-09-01 10:12:00,70,10042B810,133372,80C45CB10,125.23,UK Pound,125.23,UK Pound,Cash,0
2022-09-01 10:29:00,70,10042B810,25,80C49C110,1203.14,UK Pound,1203.14,UK Pound,Cheque,0
2022-09-01 10:02:00,70,10042B810,25,80C4C06B0,1310.01,UK Pound,1310.01,UK Pound,Cheque,0
2022-09-01 10:13:00,70,10042B810,25,80C4C06B0,2717.32,UK Pound,2717.32,UK Pound,Credit Card,0
2022-09-01 10:15:00,70,10042B810,133372,80C740160,220.1,UK Pound,220.1,UK Pound,Cheque,0
2022-09-01 10:03:00,70,10042B810,133372,80C740160,23.47,UK Pound,23.47,UK Pound,Cash,0
2022-09-01 10:22:00,70,10042B810,133159,80C985420,299.06,UK Pound,299.06,UK Pound,Cash,0
2022-09-01 10:22:00,70,10042B810,33858,80CA19BC0,1615.42,UK Pound,1615.42,UK Pound,Cheque,0
2022-09-01 10:01:00,70,10042B810,33858,80CA19BC0,2961.56,UK Pound,2961.56,UK Pound,Credit Card,0
2022-09-01 10:05:00,70,10042B810,33858,80CA19BC0,5965.57,UK Pound,5965.57,UK Pound,Cash,0
2022-09-01 10:20:00,70,10042B810,134750,80CF37030,25139.61,UK Pound,25139.61,UK Pound,Cheque,0
2022-09-01 10:05:00,70,10042B810,134750,80CF37030,1436.84,UK Pound,1436.84,UK Pound,Credit Card,0
2022-09-01 10:23:00,70,10042B810,8,814312CA0,94.81,UK Pound,94.81,UK Pound,Cheque,0
2022-09-01 10:04:00,70,10042B810,8,814312CA0,78.34,UK Pound,78.34,UK Pound,Credit Card,0
2022-09-01 10:03:00,70,10042B810,8,814312CA0,67.43,UK Pound,67.43,UK Pound,Cash,0
2022-09-01 10:26:00,70,10042B8E8,45907,810E54C70,1050.23,Mexican Peso,1050.23,Mexican Peso,Cheque,0
2022-09-01 10:08:00,70,10042B8E8,45907,810E54C70,111.12,Mexican Peso,111.12,Mexican Peso,Credit Card,0
2022-09-01 10:29:00,70,10042B8E8,45907,810E54C70,206.36,Mexican Peso,206.36,Mexican Peso,Cash,0
2022-09-01 10:10:00,70,10042B8E8,245768,810F94410,45362273.51,Mexican Peso,45362273.51,Mexican Peso,Cheque,0
2022-09-01 10:14:00,70,10042B8E8,245768,810F94410,497259.98,Mexican Peso,497259.98,Mexican Peso,Credit Card,0
2022-09-01 10:13:00,70,10042B8E8,245768,810F94410,19232455.47,Mexican Peso,19232455.47,Mexican Peso,Cash,0
2022-09-01 10:12:00,70,10042B8E8,45977,81108BA00,58279.15,Mexican Peso,58279.15,Mexican Peso,Cheque,0
2022-09-01 10:16:00,70,10042B8E8,45977,81108BA00,11384.6,Mexican Peso,11384.6,Mexican Peso,Credit Card,0
2022-09-01 10:23:00,70,10042B8E8,245772,8111F8460,3262327.97,Mexican Peso,3262327.97,Mexican Peso,Cheque,0
2022-09-01 10:15:00,70,10042B8E8,45907,8112A0FF0,41805.23,Mexican Peso,41805.23,Mexican Peso,Cheque,0
2022-09-01 10:44:00,70,10042B7C8,16,80B003D60,10633.48,Ruble,10633.48,Ruble,Cheque,0
2022-09-01 10:34:00,70,10042B7C8,16,80B003D60,77792.73,Ruble,77792.73,Ruble,Credit Card,0
2022-09-01 10:42:00,70,10042B7C8,16,80B091CC0,57849.45,Ruble,57849.45,Ruble,Cheque,0
2022-09-01 10:47:00,70,10042B7C8,16,80B091CC0,43468.06,Ruble,43468.06,Ruble,Credit Card,0
2022-09-01 10:38:00,70,10042B7C8,131036,80BD59310,221359.68,Ruble,221359.68,Ruble,Cheque,0
2022-09-01 10:40:00,70,10042B7C8,131036,80BD59310,22264.5,Ruble,22264.5,Ruble,Credit Card,0
2022-09-01 10:33:00,70,10042B7C8,16,80BD9C8B0,7898406.09,Ruble,7898406.09,Ruble,Cheque,0
2022-09-01 10:39:00,70,10042B7C8,18,80BE56F50,11963.62,Ruble,11963.62,Ruble,Cheque,0
2022-09-01 10:32:00,70,10042B7C8,18,80BE56F50,3101.86,Ruble,3101.86,Ruble,Credit Card,1
2022-09-01 10:44:00,70,10042B7C8,18,80BE56F50,2494.28,Ruble,2494.28,Ruble,Cash,0
2022-09-01 10:48:00,70,10042B7C8,230595,80C02AAB0,460990.63,Ruble,460990.63,Ruble,Cheque,0
2022-09-01 10:30:00,70,10042B7C8,230595,80C02AAB0,443551.5,Ruble,443551.5,Ruble,Cash,0
2022-09-01 10:40:00,70,10042B7C8,132407,80C074F00,19587.66,Ruble,19587.66,Ruble,Cheque,0
2022-09-01 10:35:00,70,10042B7C8,132407,80C074F00,18710.93,Ruble,18710.93,Ruble,Cash,0
2022-09-01 10:50:00,70,10042B7C8,232125,80C094ED0,61521.95,Ruble,61521.95,Ruble,Cheque,0
2022-09-01 10:47:00,70,10042B7C8,232125,80C094ED0,64719.78,Ruble,64719.78,Ruble,Cash,0
2022-09-01 10:58:00,70,10042B7C8,16,80C1BA1C0,487004.58,Ruble,487004.58,Ruble,Cheque,0
2022-09-01 10:45:00,70,10042B7C8,16,80C1BA1C0,206260.1,Ruble,206260.1,Ruble,Cash,0
2022-09-01 10:57:00,70,10042B810,25,80C3AD4E0,143.54,UK Pound,143.54,UK Pound,Cheque,0
2022-09-01 10:43:00,70,10042B810,25,80C3AD4E0,132.26,UK Pound,132.26,UK Pound,Credit Card,0
2022-09-01 10:48:00,70,10042B810,25,80C3AD4E0,93.79,UK Pound,93.79,UK Pound,Cash,0
2022-09-01 10:47:00,70,10042B810,233186,80C4A2DD0,198.25,UK Pound,198.25,UK Pound,Cheque,0
2022-09-01 10:32:00,70,10042B810,7,80C736B60,7899.89,UK Pound,7899.89,UK Pound,Cheque,0
2022-09-01 10:32:00,70,10042B810,233064,80C74AB10,2329.35,UK Pound,2329.35,UK Pound,Cheque,0
2022-09-01 10:36:00,70,10042B810,233064,80C74AB10,393.71,UK Pound,393.71,UK Pound,Credit Card,0
2022-09-01 10:32:00,70,10042B810,233064,80C9FA670,3045.59,UK Pound,3045.59,UK Pound,Cheque,0
2022-09-01 10:50:00,70,10042B810,233064,80C9FA670,2662.61,UK Pound,2662.61,UK Pound,Credit Card,0
2022-09-01 10:44:00,70,10042B810,233064,80C9FA670,9931.06,UK Pound,9931.06,UK Pound,Cash,0
2022-09-01 10:36:00,70,10042B810,24,80C9D27F0,1002.5,UK Pound,1002.5,UK Pound,Cheque,0
2022-09-01 10:57:00,70,10042B810,234432,80CB8A860,13522.87,UK Pound,13522.87,UK Pound,Cheque,0
2022-09-01 10:42:00,70,10042B8E8,14,80F387CD0,39386.72,Mexican Peso,39386.72,Mexican Peso,Cheque,0
2022-09-01 10:34:00,70,10042B8E8,14,80F387CD0,49085.57,Mexican Peso,49085.57,Mexican Peso,Credit Card,0
2022-09-01 10:48:00,70,10042B8E8,245681,810E2F710,37558.87,Mexican Peso,37558.87,Mexican Peso,Cheque,0
2022-09-01 10:49:00,70,10042B8E8,245681,810E2F710,44109.66,Mexican Peso,44109.66,Mexican Peso,Credit Card,0
2022-09-01 10:55:00,70,10042B8E8,215,810E8D950,136835.54,Mexican Peso,136835.54,Mexican Peso,Cheque,0
2022-09-01 10:42:00,70,10042B8E8,113,810EABA70,69599.62,Mexican Peso,69599.62,Mexican Peso,Cheque,0
2022-09-01 10:48:00,70,10042B8E8,113,810EABA70,63960.9,Mexican Peso,63960.9,Mexican Peso,Cash,0
2022-09-01 10:32:00,70,10042B8E8,41014,810F02100,8115.57,Mexican Peso,8115.57,Mexican Peso,Cheque,0
2022-09-01 10:48:00,70,10042B8E8,41014,810F02100,14076.91,Mexican Peso,14076.91,Mexican Peso,Credit Card,0
2022-09-01 10:44:00,70,10042B8E8,246269,8111B7890,13573718.89,Mexican Peso,13573718.89,Mexican Peso,Cheque,1
2022-09-01 10:31:00,70,10042B8E8,246269,8111B7890,368136.84,Mexican Peso,368136.84,Mexican Peso,Credit Card,0
2022-09-01 10:37:00,70,10042B8E8,246269,8111B7890,49634575.54,Mexican Peso,49634575.54,Mexican Peso,Cash,0
2022-09-01 10:40:00,70,10042B8E8,13,8111E4B80,18917.33,Mexican Peso,18917.33,Mexican Peso,Cheque,0
2022-09-01 10:51:00,70,10042B8E8,13,8111E4B80,49571.87,Mexican Peso,49571.87,Mexican Peso,Cash,0
2022-09-01 10:50:00,70,10042B8E8,215,8112BAA60,11421481.22,Mexican Peso,11421481.22,Mexican Peso,Cheque,0
2022-09-01 10:44:00,70,10042B8E8,215,8112BAA60,615954.11,Mexican Peso,615954.11,Mexican Peso,Credit Card,0
2022-09-01 10:38:00,70,10042B8E8,215,8112BAA60,26217939.58,Mexican Peso,26217939.58,Mexican Peso,Cash,0
2022-09-01 10:43:00,70,10042B8E8,14,8113AC050,9545.72,Mexican Peso,9545.72,Mexican Peso,Cheque,0
2022-09-01 10:34:00,70,10042B8E8,245729,811D6D980,21639.38,Mexican Peso,21639.38,Mexican Peso,Cheque,0
2022-09-01 10:55:00,70,10042B8E8,245729,811D6D980,18875.51,Mexican Peso,18875.51,Mexican Peso,Credit Card,0
2022-09-01 11:06:00,70,10042B7C8,18,80ACF8F40,257168.67,Ruble,257168.67,Ruble,Cheque,0
2022-09-01 11:05:00,70,10042B7C8,18,80ACF8F40,41812.87,Ruble,41812.87,Ruble,Cash,0
2022-09-01 11:04:00,70,10042B7C8,23,80AFBB5B0,50072.36,Ruble,50072.36,Ruble,Cheque,0
2022-09-01 11:27:00,70,10042B7C8,23,80AFBB5B0,30549.79,Ruble,30549.79,Ruble,Credit Card,0
2022-09-01 11:10:00,70,10042B7C8,285,80B018DA0,3507117.43,Ruble,3507117.43,Ruble,Cheque,0
2022-09-01 11:23:00,70,10042B7C8,285,80B018DA0,2242279.22,Ruble,2242279.22,Ruble,Credit Card,0
2022-09-01 11:00:00,70,10042B7C8,285,80B018DA0,7338518.65,Ruble,7338518.65,Ruble,Cash,0
2022-09-01 11:02:00,70,10042B7C8,131036,80BADE5F0,52656.51,Ruble,52656.51,Ruble,Cheque,0
2022-09-01 11:23:00,70,10042B7C8,131036,80BADE5F0,1990.39,Ruble,1990.39,Ruble,Cash,0
2022-09-01 11:21:00,70,10042B7C8,232125,80BF0FBD0,106057.08,Ruble,106057.08,Ruble,Cheque,0
2022-09-01 11:05:00,70,10042B7C8,232125,80BF0FBD0,57735.33,Ruble,57735.33,Ruble,Credit Card,0
2022-09-01 11:28:00,70,10042B7C8,18,80BF7C3B0,49574.93,Ruble,49574.93,Ruble,Cheque,0
2022-09-01 11:20:00,70,10042B7C8,18,80BF7C3B0,42608.64,Ruble,42608.64,Ruble,Credit Card,0
2022-09-01 11:02:00,70,10042B7C8,230595,80BFD1200,98992.7,Ruble,98992.7,Ruble,Cheque,0
2022-09-01 11:15:00,70,10042B7C8,230595,80BFD1200,204640.37,Ruble,204640.37,Ruble,Credit Card,0
2022-09-01 11:07:00,70,10042B7C8,132407,80EBC1060,165342.77,Ruble,165342.77,Ruble,Cheque,0
2022-09-01 11:18:00,70,10042B7C8,132407,80EBC1060,35885.89,Ruble,35885.89,Ruble,Credit Card,0
2022-09-01 11:06:00,70,10042B810,24,80C28AD60,207.96,UK Pound,207.96,UK Pound,Cheque,0
2022-09-01 11:24:00,70,10042B810,8,80C2BC5D0,1592301.17,UK Pound,1592301.17,UK Pound,Cheque,0
2022-09-01 11:04:00,70,10042B810,24,80C2CB410,45.49,UK Pound,45.49,UK Pound,Cheque,0
2022-09-01 11:11:00,70,10042B810,24,80C2CB410,44.65,UK Pound,44.65,UK Pound,Credit Card,0
2022-09-01 11:29:00,70,10042B810,29,80C429AB0,255.82,UK Pound,255.82,UK Pound,Cheque,0
2022-09-01 11:28:00,70,10042B810,29,80C429AB0,303.75,UK Pound,303.75,UK Pound,Credit Card,0
2022-09-01 11:07:00,70,10042B810,33370,80C4A6B70,2873.96,UK Pound,2873.96,UK Pound,Cheque,0
2022-09-01 11:06:00,70,10042B810,29,80C6FFF20,439.3,UK Pound,439.3,UK Pound,Cheque,0
2022-09-01 11:13:00,70,10042B810,29,80C6FFF20,462.81,UK Pound,462.81,UK Pound,Credit Card,0
2022-09-01 11:21:00,70,10042B810,233601,80C8F50C0,200.66,UK Pound,200.66,UK Pound,Cheque,0
2022-09-01 11:15:00,70,10042B810,233601,80C8F50C0,144.91,UK Pound,144.91,UK Pound,Cash,0
2022-09-01 11:15:00,70,10042B810,234116,80CB046B0,583.93,UK Pound,583.93,UK Pound,Cheque,0
2022-09-01 11:24:00,70,10042B810,234116,80CB046B0,14.61,UK Pound,14.61,UK Pound,Credit Card,0
2022-09-01 11:07:00,70,10042B810,135417,80CF9E690,941.86,UK Pound,941.86,UK Pound,Cheque,0
2022-09-01 11:27:00,70,10042B810,135417,80CF9E690,1819.4,UK Pound,1819.4,UK Pound,Credit Card,0
2022-09-01 11:01:00,70,10042B810,135417,80CF9E690,689.01,UK Pound,689.01,UK Pound,Cash,0
2022-09-01 11:17:00,70,10042B810,35358,8132938B0,7584698.18,UK Pound,7584698.18,UK Pound,Cheque,0
2022-09-01 11:27:00,70,10042B810,35358,8132938B0,5192.0,UK Pound,5192.0,UK Pound,Credit Card,0
2022-09-01 11:21:00,70,10042B810,35358,8132938B0,2289593.84,UK Pound,2289593.84,UK Pound,Cash,0
2022-09-01 11:22:00,70,10042B8E8,245681,810E2EE50,39729.43,Mexican Peso,39729.43,Mexican Peso,Cheque,0
2022-09-01 11:26:00,70,10042B8E8,245729,810E87C40,9650.21,Mexican Peso,9650.21,Mexican Peso,Cheque,0
2022-09-01 11:03:00,70,10042B8E8,245729,810E87C40,215.75,Mexican Peso,215.75,Mexican Peso,Credit Card,0
2022-09-01 11:10:00,70,10042B8E8,245729,810E87C40,35.1,Mexican Peso,35.1,Mexican Peso,Cash,0
2022-09-01 11:17:00,70,10042B8E8,245729,8113426E0,170198.04,Mexican Peso,170198.04,Mexican Peso,Cheque,0
2022-09-01 11:24:00,70,10042B8E8,245729,8113426E0,311798.57,Mexican Peso,311798.57,Mexican Peso,Credit Card,0
2022-09-01 11:00:00,70,10042B8E8,245681,8113BC3E0,28161.31,Mexican Peso,28161.31,Mexican Peso,Cheque,0
2022-09-01 11:53:00,70,10042B7C8,16,80B4C1190,11529876.82,Ruble,11529876.82,Ruble,Cheque,0
2022-09-01 11:59:00,70,10042B7C8,230595,80B4FEBB0,568631.6,Ruble,568631.6,Ruble,Cheque,0
2022-09-01 11:41:00,70,10042B7C8,230595,80B4FEBB0,348373.59,Ruble,348373.59,Ruble,Credit Card,0
2022-09-01 11:30:00,70,10042B7C8,230595,80B4FEBB0,114446.09,Ruble,114446.09,Ruble,Cash,0
2022-09-01 11:50:00,70,10042B7C8,132425,80BE69170,16489.07,Ruble,16489.07,Ruble,Cheque,0
2022-09-01 11:51:00,70,10042B7C8,132425,80BE69170,262.74,Ruble,262.74,Ruble,Cash,0
2022-09-01 11:50:00,70,10042B7C8,27,80BF623F0,14332.28,Ruble,14332.28,Ruble,Cheque,0
2022-09-01 11:44:00,70,10042B7C8,27,80BF623F0,2376.18,Ruble,2376.18,Ruble,Cash,0
2022-09-01 11:57:00,70,10042B7C8,16,80BF62A60,5891980.18,Ruble,5891980.18,Ruble,Cheque,0
2022-09-01 11:36:00,70,10042B7C8,16,80BF62A60,313226.58,Ruble,313226.58,Ruble,Cash,0
2022-09-01 11:38:00,70,10042B7C8,231975,80C013280,12919.27,Ruble,12919.27,Ruble,Cheque,0
2022-09-01 11:37:00,70,10042B7C8,231975,80C013280,29369.08,Ruble,29369.08,Ruble,Credit Card,0
2022-09-01 11:34:00,70,10042B7C8,32245,80C017060,52708.24,Ruble,52708.24,Ruble,Cheque,0
2022-09-01 11:33:00,70,10042B7C8,32245,80C017060,34994.99,Ruble,34994.99,Ruble,Cash,0
2022-09-01 11:40:00,70,10042B7C8,23,80C0FA190,9510282.98,Ruble,9510282.98,Ruble,Cheque,0
2022-09-01 11:43:00,70,10042B7C8,132849,80C1F54B0,17017.2,Ruble,17017.2,Ruble,Cheque,0
2022-09-01 11:34:00,70,10042B7C8,132849,80C1F54B0,21553.25,Ruble,21553.25,Ruble,Credit Card,0
2022-09-01 11:44:00,70,10042B7C8,18,80EBC49F0,520191.47,Ruble,520191.47,Ruble,Cheque,0
2022-09-01 11:54:00,70,10042B7C8,18,80EBC49F0,1831110.65,Ruble,1831110.65,Ruble,Credit Card,0
2022-09-01 11:50:00,70,10042B7C8,18,80EBC49F0,407686.84,Ruble,407686.84,Ruble,Cash,0
2022-09-01 11:58:00,70,10042B810,233186,80C429140,40.19,UK Pound,40.19,UK Pound,Cheque,0
2022-09-01 11:45:00,70,10042B810,233186,80C429140,215.97,UK Pound,215.97,UK Pound,Credit Card,0
2022-09-01 11:33:00,70,10042B810,232857,80C434860,1410.4,UK Pound,1410.4,UK Pound,Cheque,0
2022-09-01 11:51:00,70,10042B810,232857,80C434860,2152.57,UK Pound,2152.57,UK Pound,Credit Card,0
2022-09-01 11:48:00,70,10042B810,233601,80C7415C0,15089.53,UK Pound,15089.53,UK Pound,Cheque,0
2022-09-01 11:44:00,70,10042B810,133936,80C761DC0,4879.05,UK Pound,4879.05,UK Pound,Cheque,0
2022-09-01 11:46:00,70,10042B810,133936,80C761DC0,407.86,UK Pound,407.86,UK Pound,Credit Card,0
2022-09-01 11:55:00,70,10042B810,133936,80C761DC0,21.84,UK Pound,21.84,UK Pound,Cash,0
2022-09-01 11:33:00,70,10042B810,133936,80C8A53B0,179.77,UK Pound,179.77,UK Pound,Cheque,0
2022-09-01 11:57:00,70,10042B810,232857,80CBB16C0,568.34,UK Pound,568.34,UK Pound,Cheque,0
2022-09-01 11:49:00,70,10042B810,233282,80CF2FAA0,181.65,UK Pound,181.65,UK Pound,Cheque,0
2022-09-01 11:31:00,70,10042B810,233282,80CF2FAA0,19.25,UK Pound,19.25,UK Pound,Cash,0
2022-09-01 11:49:00,70,10042B810,135417,80CF36DD0,272.67,UK Pound,272.67,UK Pound,Cheque,0
2022-09-01 11:57:00,70,10042B810,135417,80CF36DD0,249.24,UK Pound,249.24,UK Pound,Credit Card,0
2022-09-01 11:39:00,70,10042B810,234165,80E18C510,706.86,UK Pound,706.86,UK Pound,Cheque,0
2022-09-01 11:45:00,70,10042B810,234165,80E18C510,192.23,UK Pound,192.23,UK Pound,Credit Card,0
2022-09-01 11:51:00,70,10042B810,234165,80E18C510,155.2,UK Pound,155.2,UK Pound,Cash,0
2022-09-01 11:45:00,70,10042B810,133372,814FDCCB0,235.86,UK Pound,235.86,UK Pound,Cheque,0
2022-09-01 11:40:00,70,10042B810,233601,81B4EF6E0,515.65,UK Pound,515.65,UK Pound,Cheque,0
2022-09-01 11:49:00,70,10042B810,233601,81B4EF6E0,1919.38,UK Pound,1919.38,UK Pound,Credit Card,0
2022-09-01 11:47:00,70,10042B810,7,81B4F52E0,145.5,UK Pound,145.5,UK Pound,Cheque,0
2022-09-01 11:30:00,70,10042B810,7,81B4F52E0,236.26,UK Pound,236.26,UK Pound,Credit Card,0
2022-09-01 11:30:00,70,10042B8E8,13,8000B7440,52572.77,Mexican Peso,52572.77,Mexican Peso,Cheque,0
2022-09-01 11:58:00,70,10042B8E8,13,8000B7440,42.52,Mexican Peso,42.52,Mexican Peso,Credit Card,0
2022-09-01 11:43:00,70,10042B8E8,14,810BE4570,2718696.6,Mexican Peso,2718696.6,Mexican Peso,Cheque,0
2022-09-01 11:50:00,70,10042B8E8,1135,810DCB630,60539.56,Mexican Peso,60539.56,Mexican Peso,Cheque,0
2022-09-01 11:59:00,70,10042B8E8,1135,810DCB630,13090.06,Mexican Peso,13090.06,Mexican Peso,Cash,0
2022-09-01 11:39:00,70,10042B8E8,41014,810DD7BF0,364550.96,Mexican Peso,364550.96,Mexican Peso,Cheque,0
2022-09-01 11:38:00,70,10042B8E8,215,810E514E0,218740.63,Mexican Peso,218740.63,Mexican Peso,Cheque,0
2022-09-01 11:34:00,70,10042B8E8,45907,810E9D5E0,3035.65,Mexican Peso,3035.65,Mexican Peso,Cheque,0
2022-09-01 11:39:00,70,10042B8E8,45907,810E9D5E0,2462.82,Mexican Peso,2462.82,Mexican Peso,Cash,0
2022-09-01 11:36:00,70,10042B8E8,45977,810EAF540,10422.11,Mexican Peso,10422.11,Mexican Peso,Cheque,0
2022-09-01 11:45:00,70,10042B8E8,45977,810EAF540,261.44,Mexican Peso,261.44,Mexican Peso,Credit Card,0
2022-09-01 11:57:00,70,10042B8E8,45977,810EAF540,173.25,Mexican Peso,173.25,Mexican Peso,Cash,0
2022-09-01 11:47:00,70,10042B8E8,245681,810FA88A0,36504.05,Mexican Peso,36504.05,Mexican Peso,Cheque,0
2022-09-01 11:53:00,70,10042B8E8,245681,810FA88A0,9374.77,Mexican Peso,9374.77,Mexican Peso,Credit Card,0
2022-09-01 11:57:00,70,10042B8E8,245681,810FA88A0,4190.94,Mexican Peso,4190.94,Mexican Peso,Cash,0
2022-09-01 11:57:00,70,10042B8E8,245772,811074C80,484615.61,Mexican Peso,484615.61,Mexican Peso,Cheque,0
2022-09-01 11:40:00,70,10042B8E8,245772,811074C80,217223.66,Mexican Peso,217223.66,Mexican Peso,Credit Card,0
2022-09-01 11:54:00,70,10042B8E8,246269,8111B46A0,3516.99,Mexican Peso,3516.99,Mexican Peso,Cheque,0
2022-09-01 11:39:00,70,10042B8E8,246269,8111B46A0,5968.61,Mexican Peso,5968.61,Mexican Peso,Cash,0
2022-09-01 11:52:00,70,10042B8E8,13,8111C6B60,18840.12,Mexican Peso,18840.12,Mexican Peso,Cheque,0
2022-09-01 11:36:00,70,10042B8E8,13,8111C6B60,59758.51,Mexican Peso,59758.51,Mexican Peso,Cash,0
2022-09-01 11:58:00,70,10042B8E8,245729,8111D8150,37442.77,Mexican Peso,37442.77,Mexican Peso,Cheque,0
2022-09-01 11:38:00,70,10042B8E8,245729,8111D8150,15617.85,Mexican Peso,15617.85,Mexican Peso,Credit Card,0
2022-09-01 11:58:00,70,10042B8E8,46781,811349A90,91913.95,Mexican Peso,91913.95,Mexican Peso,Cheque,0
2022-09-01 11:32:00,70,10042B8E8,46781,811349A90,30570.95,Mexican Peso,30570.95,Mexican Peso,Credit Card,0
2022-09-01 11:30:00,70,10042B8E8,45907,811381550,188826.09,Mexican Peso,188826.09,Mexican Peso,Cheque,0
2022-09-01 11:36:00,70,10042B8E8,45907,811381550,40586.49,Mexican Peso,40586.49,Mexican Peso,Cash,0
2022-09-01 11:47:00,70,10042B8E8,146809,8111CF7D0,14391.39,Mexican Peso,14391.39,Mexican Peso,Cheque,0
2022-09-01 11:48:00,70,10042B8E8,146809,8111CF7D0,43984.57,Mexican Peso,43984.57,Mexican Peso,Credit Card,0
2022-09-01 11:45:00,70,10042B8E8,246242,81142C600,18246.31,Mexican Peso,18246.31,Mexican Peso,Credit Card,0
2022-09-01 11:36:00,70,10042B8E8,246242,81142C600,45242.88,Mexican Peso,45242.88,Mexican Peso,Cash,0
2022-09-01 12:18:00,70,10042B7C8,131036,80BD73A10,130760.0,Ruble,130760.0,Ruble,Cheque,0
2022-09-01 12:11:00,70,10042B7C8,131036,80BD73A10,23680.61,Ruble,23680.61,Ruble,Credit Card,0
2022-09-01 12:01:00,70,10042B7C8,30959,80BE00B10,132715.71,Ruble,132715.71,Ruble,Cheque,0
2022-09-01 12:27:00,70,10042B7C8,30959,80BE00B10,689690.51,Ruble,689690.51,Ruble,Credit Card,0
2022-09-01 12:10:00,70,10042B7C8,18,80BD8E060,2484748.17,Ruble,2484748.17,Ruble,Cheque,0
2022-09-01 12:01:00,70,10042B7C8,18,80BD8E060,180204.35,Ruble,180204.35,Ruble,Credit Card,0
2022-09-01 12:25:00,70,10042B7C8,18,80BD8E060,224641.74,Ruble,224641.74,Ruble,Cash,0
2022-09-01 12:20:00,70,10042B7C8,19,80BE883B0,1224264.51,Ruble,1224264.51,Ruble,Cheque,0
2022-09-01 12:17:00,70,10042B7C8,19,80BE883B0,454536.02,Ruble,454536.02,Ruble,Cash,0
2022-09-01 12:27:00,70,10042B7C8,132300,80C0D3980,3271307.77,Ruble,3271307.77,Ruble,Cheque,0
2022-09-01 12:05:00,70,10042B7C8,132300,80C0D3980,318707.62,Ruble,318707.62,Ruble,Credit Card,0
2022-09-01 12:05:00,70,10042B7C8,132300,80C0D3980,6479935.52,Ruble,6479935.52,Ruble,Cash,0
2022-09-01 12:14:00,70,10042B7C8,30959,80C13CA70,11263.82,Ruble,11263.82,Ruble,Cheque,0
2022-09-01 12:09:00,70,10042B7C8,30959,80C13CA70,6513.09,Ruble,6513.09,Ruble,Credit Card,0
2022-09-01 12:10:00,70,10042B7C8,30959,80C153E50,54973.61,Ruble,54973.61,Ruble,Cheque,0
2022-09-01 12:24:00,70,10042B7C8,30959,80C153E50,157663.35,Ruble,157663.35,Ruble,Credit Card,0
2022-09-01 12:03:00,70,10042B7C8,132407,80C173B20,192470.06,Ruble,192470.06,Ruble,Cheque,0
2022-09-01 12:01:00,70,10042B7C8,132407,80C173B20,60220.39,Ruble,60220.39,Ruble,Credit Card,0
2022-09-01 12:15:00,70,10042B7C8,232630,80C1E4B70,11583841.5,Ruble,11583841.5,Ruble,Cheque,0
2022-09-01 12:13:00,70,10042B810,8,80C276A20,1877.28,UK Pound,1877.28,UK Pound,Cheque,0
2022-09-01 12:16:00,70,10042B810,8,80C276A20,102.09,UK Pound,102.09,UK Pound,Credit Card,0
2022-09-01 12:28:00,70,10042B810,33370,80C3B5D30,146.21,UK Pound,146.21,UK Pound,Cheque,0
2022-09-01 12:11:00,70,10042B810,33370,80C3B5D30,301.13,UK Pound,301.13,UK Pound,Credit Card,0
2022-09-01 12:24:00,70,10042B810,8,80C6F6BB0,4496.94,UK Pound,4496.94,UK Pound,Cash,0
2022-09-01 12:16:00,70,10042B810,25,80C6F8D40,265.83,UK Pound,265.83,UK Pound,Cheque,0
2022-09-01 12:13:00,70,10042B810,25,80C878400,2837.38,UK Pound,2837.38,UK Pound,Cheque,0
2022-09-01 12:13:00,70,10042B810,33846,80C8A4650,296.36,UK Pound,296.36,UK Pound,Cheque,0
2022-09-01 12:27:00,70,10042B810,133159,80CA6C4D0,2057.1,UK Pound,2057.1,UK Pound,Cheque,0
2022-09-01 12:26:00,70,10042B810,133159,80CA6C4D0,2048.55,UK Pound,2048.55,UK Pound,Cash,0
2022-09-01 12:08:00,70,10042B810,233282,80CBC3180,62150.68,UK Pound,62150.68,UK Pound,Cheque,0
2022-09-01 12:24:00,70,10042B810,7,810E78E50,1207.75,UK Pound,1207.75,UK Pound,Cheque,0
2022-09-01 12:21:00,70,10042B810,7,810E78E50,1313.78,UK Pound,1313.78,UK Pound,Cash,0
2022-09-01 12:14:00,70,10042B8E8,113,80F043380,5408325.14,Mexican Peso,5408325.14,Mexican Peso,Cheque,0
2022-09-01 12:04:00,70,10042B8E8,113,80F043380,1900400.19,Mexican Peso,1900400.19,Mexican Peso,Cash,0
2022-09-01 12:18:00,70,10042B8E8,14,810D7D7F0,909.98,Mexican Peso,909.98,Mexican Peso,Cheque,0
2022-09-01 12:06:00,70,10042B8E8,14,810D7D7F0,3113.25,Mexican Peso,3113.25,Mexican Peso,Cash,0
2022-09-01 12:01:00,70,10042B8E8,14,810DC1E10,89021.15,Mexican Peso,89021.15,Mexican Peso,Cheque,0
2022-09-01 12:25:00,70,10042B8E8,14,810DC1E10,34104.59,Mexican Peso,34104.59,Mexican Peso,Cash,0
2022-09-01 12:03:00,70,10042B8E8,13,810DDDC50,33818.75,Mexican Peso,33818.75,Mexican Peso,Cheque,0
2022-09-01 12:12:00,70,10042B8E8,13,810DDDC50,94457.98,Mexican Peso,94457.98,Mexican Peso,Credit Card,0
2022-09-01 12:17:00,70,10042B8E8,13,810DF0C50,2100.82,Mexican Peso,2100.82,Mexican Peso,Cheque,0
2022-09-01 12:13:00,70,10042B8E8,13,810DF0C50,859.23,Mexican Peso,859.23,Mexican Peso,Cash,0
2022-09-01 12:02:00,70,10042B8E8,41014,810EE4D50,62079.72,Mexican Peso,62079.72,Mexican Peso,Cheque,0
2022-09-01 12:08:00,70,10042B8E8,215,810FC9C70,11660.49,Mexican Peso,11660.49,Mexican Peso,Cheque,0
2022-09-01 12:01:00,70,10042B8E8,215,810FC9C70,1358.29,Mexican Peso,1358.29,Mexican Peso,Credit Card,0
2022-09-01 12:03:00,70,10042B8E8,146341,8110B70C0,375856.46,Mexican Peso,375856.46,Mexican Peso,Cheque,0
2022-09-01 12:17:00,70,10042B8E8,146341,8110B70C0,104776.93,Mexican Peso,104776.93,Mexican Peso,Cash,0
2022-09-01 12:02:00,70,10042B8E8,113,811102240,268269385.43,Mexican Peso,268269385.43,Mexican Peso,Cheque,0
2022-09-01 12:24:00,70,10042B8E8,246140,81112B6E0,3855.35,Mexican Peso,3855.35,Mexican Peso,Cheque,0
2022-09-01 12:03:00,70,10042B8E8,246140,81112B6E0,930.58,Mexican Peso,930.58,Mexican Peso,Credit Card,0
2022-09-01 12:26:00,70,10042B8E8,46228,8111A5760,4513.2,Mexican Peso,4513.2,Mexican Peso,Cheque,0
2022-09-01 12:25:00,70,10042B8E8,245768,8111E4910,121445.19,Mexican Peso,121445.19,Mexican Peso,Cheque,0
2022-09-01 12:01:00,70,10042B8E8,245768,8111E4910,58079.14,Mexican Peso,58079.14,Mexican Peso,Cash,0
2022-09-01 12:01:00,70,10042B8E8,245729,81124DF20,46676.66,Mexican Peso,46676.66,Mexican Peso,Cheque,0
2022-09-01 12:23:00,70,10042B8E8,245729,81124DF20,18183.45,Mexican Peso,18183.45,Mexican Peso,Credit Card,0
2022-09-01 12:26:00,70,10042B8E8,146529,811280220,64423.71,Mexican Peso,64423.71,Mexican Peso,Cheque,0
2022-09-01 12:22:00,70,10042B8E8,146529,811280220,50508.04,Mexican Peso,50508.04,Mexican Peso,Credit Card,0
2022-09-01 12:18:00,70,10042B8E8,146529,811280220,32037.1,Mexican Peso,32037.1,Mexican Peso,Cash,0
2022-09-01 12:54:00,70,10042B7C8,23,80AFAFAC0,48340.55,Ruble,48340.55,Ruble,Cheque,0
2022-09-01 12:37:00,70,10042B7C8,23,80AFAFAC0,634.97,Ruble,634.97,Ruble,Cash,0
2022-09-01 12:47:00,70,10042B7C8,27,80AFD0530,38730118.12,Ruble,38730118.12,Ruble,Cheque,0
2022-09-01 12:37:00,70,10042B7C8,27,80AFD0530,1099543.94,Ruble,1099543.94,Ruble,Credit Card,0
2022-09-01 12:46:00,70,10042B7C8,27,80AFD0530,110016573.37,Ruble,110016573.37,Ruble,Cash,0
2022-09-01 12:47:00,70,10042B7C8,23,80AFD26D0,17002.43,Ruble,17002.43,Ruble,Cheque,0
2022-09-01 12:54:00,70,10042B7C8,23,80AFD26D0,41015.03,Ruble,41015.03,Ruble,Credit Card,0
2022-09-01 12:58:00,70,10042B7C8,19,80AFFFBB0,23981.76,Ruble,23981.76,Ruble,Cheque,0
2022-09-01 12:44:00,70,10042B7C8,19,80AFFFBB0,26911.29,Ruble,26911.29,Ruble,Credit Card,0
2022-09-01 12:48:00,70,10042B7C8,285,80B4A9FF0,8652.34,Ruble,8652.34,Ruble,Cheque,0
2022-09-01 12:46:00,70,10042B7C8,285,80B4A9FF0,5360.3,Ruble,5360.3,Ruble,Credit Card,0
2022-09-01 12:37:00,70,10042B7C8,27,80B4C76A0,9837.69,Ruble,9837.69,Ruble,Cheque,0
2022-09-01 12:31:00,70,10042B7C8,27,80B4C76A0,10584.49,Ruble,10584.49,Ruble,Cash,0
2022-09-01 12:40:00,70,10042B7C8,131036,80B9D3FE0,51421.12,Ruble,51421.12,Ruble,Cheque,0
2022-09-01 12:33:00,70,10042B7C8,131036,80B9D3FE0,76837.77,Ruble,76837.77,Ruble,Cash,0
2022-09-01 12:55:00,70,10042B7C8,27,80BAD7290,14390.13,Ruble,14390.13,Ruble,Cheque,0
2022-09-01 12:40:00,70,10042B7C8,27,80BAD7290,12227.19,Ruble,12227.19,Ruble,Credit Card,0
2022-09-01 12:36:00,70,10042B7C8,30959,80BD3E3B0,1004432.89,Ruble,1004432.89,Ruble,Cheque,0
2022-09-01 12:59:00,70,10042B7C8,16,80BDEE000,1481483.74,Ruble,1481483.74,Ruble,Cheque,0
2022-09-01 12:42:00,70,10042B7C8,16,80BDEE000,99561.34,Ruble,99561.34,Ruble,Cash,0
2022-09-01 12:49:00,70,10042B7C8,19,80BEFFC10,318472.54,Ruble,318472.54,Ruble,Cheque,0
2022-09-01 12:44:00,70,10042B7C8,16,80BF089C0,20700.72,Ruble,20700.72,Ruble,Cheque,0
2022-09-01 12:50:00,70,10042B7C8,16,80BF089C0,915447.56,Ruble,915447.56,Ruble,Cheque,0
2022-09-01 12:59:00,70,10042B7C8,18,80BFFC580,42318494.73,Ruble,42318494.73,Ruble,Cheque,0
2022-09-01 12:33:00,70,10042B7C8,18,80BFFC580,1516524.34,Ruble,1516524.34,Ruble,Credit Card,0
2022-09-01 12:52:00,70,10042B7C8,18,80BFFC580,28662819.86,Ruble,28662819.86,Ruble,Cash,0
2022-09-01 12:55:00,70,10042B7C8,30959,80C0FEA80,22265.65,Ruble,22265.65,Ruble,Cheque,0
2022-09-01 12:38:00,70,10042B7C8,30959,80C0FEA80,3022.91,Ruble,3022.91,Ruble,Credit Card,0
2022-09-01 12:43:00,70,10042B810,233064,80C3EA4D0,10338.09,UK Pound,10338.09,UK Pound,Cheque,0
2022-09-01 12:53:00,70,10042B810,233064,80C3EA4D0,12058.5,UK Pound,12058.5,UK Pound,Credit Card,0
2022-09-01 12:44:00,70,10042B810,8,80C6E3F50,289.96,UK Pound,289.96,UK Pound,Cheque,0
2022-09-01 12:58:00,70,10042B810,8,80C6E3F50,1034.7,UK Pound,1034.7,UK Pound,Credit Card,0
2022-09-01 12:39:00,70,10042B810,8,80C6E3F50,390.54,UK Pound,390.54,UK Pound,Cash,0
2022-09-01 12:53:00,70,10042B810,233601,80C736FC0,136.86,UK Pound,136.86,UK Pound,Cheque,0
2022-09-01 12:43:00,70,10042B810,233601,80C736FC0,429.38,UK Pound,429.38,UK Pound,Credit Card,0
2022-09-01 12:54:00,70,10042B810,232857,80C904A90,160.26,UK Pound,160.26,UK Pound,Cheque,0
2022-09-01 12:53:00,70,10042B810,232857,80C904A90,1004.05,UK Pound,1004.05,UK Pound,Credit Card,0
2022-09-01 12:54:00,70,10042B810,232857,80CA3AB90,114.37,UK Pound,114.37,UK Pound,Cheque,0
2022-09-01 12:42:00,70,10042B810,134489,80CB8B410,108698.66,UK Pound,108698.66,UK Pound,Cheque,0
2022-09-01 12:50:00,70,10042B810,134489,80CB8B410,13255.55,UK Pound,13255.55,UK Pound,Credit Card,0
2022-09-01 12:34:00,70,10042B810,134489,80CB8B410,106901.06,UK Pound,106901.06,UK Pound,Cash,0
2022-09-01 12:54:00,70,10042B810,35371,812F32990,121.51,UK Pound,121.51,UK Pound,Cheque,0
2022-09-01 12:49:00,70,10042B810,35371,812F32990,222.45,UK Pound,222.45,UK Pound,Credit Card,0
2022-09-01 12:44:00,70,10042B810,33858,813F874E0,28758.04,UK Pound,28758.04,UK Pound,Cheque,0
2022-09-01 12:52:00,70,10042B810,33858,813F874E0,20550.69,UK Pound,20550.69,UK Pound,Credit Card,0
2022-09-01 12:36:00,70,10042B810,33858,813F874E0,2888.06,UK Pound,2888.06,UK Pound,Cash,0
2022-09-01 12:56:00,70,10042B810,34749,81B0FEBA0,87.89,UK Pound,87.89,UK Pound,Cheque,0
2022-09-01 12:56:00,70,10042B810,34749,81B0FEBA0,349.25,UK Pound,349.25,UK Pound,Cash,0
2022-09-01 12:37:00,70,10042B8E8,14,810E30410,25280.76,Mexican Peso,25280.76,Mexican Peso,Cheque,0
2022-09-01 12:44:00,70,10042B8E8,14,810E30410,22386.16,Mexican Peso,22386.16,Mexican Peso,Cash,0
2022-09-01 12:32:00,70,10042B8E8,41014,810DABAC0,63570.0,Mexican Peso,63570.0,Mexican Peso,Cheque,0
2022-09-01 12:51:00,70,10042B8E8,41014,810DABAC0,30632.08,Mexican Peso,30632.08,Mexican Peso,Credit Card,0
2022-09-01 12:58:00,70,10042B8E8,41014,810DABAC0,100.87,Mexican Peso,100.87,Mexican Peso,Cash,0
2022-09-01 12:33:00,70,10042B8E8,14,810E3B460,96172.96,Mexican Peso,96172.96,Mexican Peso,Cheque,0
2022-09-01 12:55:00,70,10042B8E8,14,810E3B460,4420.32,Mexican Peso,4420.32,Mexican Peso,Credit Card,0
2022-09-01 12:40:00,70,10042B8E8,245729,810FC85C0,9349.8,Mexican Peso,9349.8,Mexican Peso,Cheque,0
2022-09-01 12:55:00,70,10042B8E8,246140,81119E080,359948.99,Mexican Peso,359948.99,Mexican Peso,Cheque,0
2022-09-01 12:59:00,70,10042B8E8,245729,811233C50,19131.8,Mexican Peso,19131.8,Mexican Peso,Cheque,0
2022-09-01 12:35:00,70,10042B8E8,245729,811233C50,6794.47,Mexican Peso,6794.47,Mexican Peso,Credit Card,0
2022-09-01 12:54:00,70,10042B8E8,245729,811233C50,114.07,Mexican Peso,114.07,Mexican Peso,Cash,0
2022-09-01 13:01:00,70,10042B7C8,16,80B087F30,75681.9,Ruble,75681.9,Ruble,Credit Card,0
2022-09-01 13:08:00,70,10042B7C8,16,80B087F30,235373.01,Ruble,235373.01,Ruble,Cash,0
2022-09-01 13:12:00,70,10042B7C8,23,80B4BD970,24869.58,Ruble,24869.58,Ruble,Cheque,0
2022-09-01 13:18:00,70,10042B7C8,23,80B4BD970,74957.5,Ruble,74957.5,Ruble,Cash,0
2022-09-01 13:05:00,70,10042B7C8,27,80B4F0000,18171.43,Ruble,18171.43,Ruble,Cheque,0
2022-09-01 13:03:00,70,10042B7C8,27,80B4F0000,51630.41,Ruble,51630.41,Ruble,Credit Card,0
2022-09-01 13:22:00,70,10042B7C8,27,80BDAFC00,88235205.01,Ruble,88235205.01,Ruble,Cheque,0
2022-09-01 13:12:00,70,10042B7C8,27,80BDAFC00,411554.44,Ruble,411554.44,Ruble,Credit Card,0
2022-09-01 13:25:00,70,10042B7C8,27,80BDAFC00,21979302.53,Ruble,21979302.53,Ruble,Cash,0
2022-09-01 13:28:00,70,10042B7C8,27,80BDB8A90,127764.37,Ruble,127764.37,Ruble,Cheque,0
2022-09-01 13:06:00,70,10042B7C8,27,80BDB8A90,146808.05,Ruble,146808.05,Ruble,Credit Card,0
2022-09-01 13:25:00,70,10042B7C8,131036,80BDE0D70,291488.67,Ruble,291488.67,Ruble,Cheque,0
2022-09-01 13:05:00,70,10042B7C8,132425,80BE6A810,25158.96,Ruble,25158.96,Ruble,Cheque,0
2022-09-01 13:27:00,70,10042B7C8,132425,80BE6A810,9465.14,Ruble,9465.14,Ruble,Cash,0
2022-09-01 13:10:00,70,10042B7C8,232081,80BE784C0,145799.69,Ruble,145799.69,Ruble,Cheque,0
2022-09-01 13:01:00,70,10042B7C8,232081,80BE784C0,8872.05,Ruble,8872.05,Ruble,Credit Card,0
2022-09-01 13:24:00,70,10042B7C8,232081,80BE784C0,6008.31,Ruble,6008.31,Ruble,Cash,0
2022-09-01 13:28:00,70,10042B7C8,19,80BEC6470,6109.6,Ruble,6109.6,Ruble,Cheque,0
2022-09-01 13:29:00,70,10042B7C8,19,80BEC6470,10989.2,Ruble,10989.2,Ruble,Credit Card,0
2022-09-01 13:10:00,70,10042B7C8,19,80BEC6470,6614.48,Ruble,6614.48,Ruble,Cash,0
2022-09-01 13:22:00,70,10042B7C8,27,80C1332C0,6969.09,Ruble,6969.09,Ruble,Cheque,0
2022-09-01 13:23:00,70,10042B7C8,27,80C1332C0,31083.09,Ruble,31083.09,Ruble,Credit Card,0
2022-09-01 13:00:00,70,10042B7C8,231975,80C20FE40,20740.46,Ruble,20740.46,Ruble,Credit Card,0
2022-09-01 13:06:00,70,10042B810,8,800095A90,130.3,UK Pound,130.3,UK Pound,Cheque,0
2022-09-01 13:25:00,70,10042B810,8,80C2B3B50,52.98,UK Pound,52.98,UK Pound,Cheque,0
2022-09-01 13:21:00,70,10042B810,8,80C2B3B50,128.48,UK Pound,128.48,UK Pound,Credit Card,0
2022-09-01 13:18:00,70,10042B810,8,80C49E6F0,163.65,UK Pound,163.65,UK Pound,Cheque,0
2022-09-01 13:28:00,70,10042B810,8,80C49E6F0,64.39,UK Pound,64.39,UK Pound,Cash,0
2022-09-01 13:02:00,70,10042B810,233064,80C4A60F0,2.9,UK Pound,2.9,UK Pound,Cheque,0
2022-09-01 13:14:00,70,10042B810,233064,80C4A60F0,12.67,UK Pound,12.67,UK Pound,Cash,0
2022-09-01 13:24:00,70,10042B810,24,80C4B73B0,106.34,UK Pound,106.34,UK Pound,Cheque,0
2022-09-01 13:19:00,70,10042B810,24,80C4B73B0,64.87,UK Pound,64.87,UK Pound,Credit Card,0
2022-09-01 13:20:00,70,10042B810,24,80C6D88E0,775232.8,UK Pound,775232.8,UK Pound,Cheque,0
2022-09-01 13:28:00,70,10042B810,24,80C6D88E0,22985.38,UK Pound,22985.38,UK Pound,Credit Card,0
2022-09-01 13:00:00,70,10042B810,24,80C6D88E0,154971.59,UK Pound,154971.59,UK Pound,Cash,0
2022-09-01 13:10:00,70,10042B810,133372,80C6DC290,108.66,UK Pound,108.66,UK Pound,Cheque,0
2022-09-01 13:18:00,70,10042B810,233601,80C758C00,138.22,UK Pound,138.22,UK Pound,Cheque,0
2022-09-01 13:24:00,70,10042B810,233601,80C758C00,24.17,UK Pound,24.17,UK Pound,Cash,0
2022-09-01 13:09:00,70,10042B810,134326,80C8E14C0,1494.07,UK Pound,1494.07,UK Pound,Cheque,0
2022-09-01 13:17:00,70,10042B810,134326,80C8E14C0,118.45,UK Pound,118.45,UK Pound,Credit Card,0
2022-09-01 13:19:00,70,10042B810,134326,80C8E14C0,150.78,UK Pound,150.78,UK Pound,Cash,0
2022-09-01 13:13:00,70,10042B810,133936,80C9AA640,451.28,UK Pound,451.28,UK Pound,Cheque,0
2022-09-01 13:06:00,70,10042B810,133936,80C9AA640,41.85,UK Pound,41.85,UK Pound,Credit Card,0
2022-09-01 13:12:00,70,10042B810,133936,80C9AA640,10.58,UK Pound,10.58,UK Pound,Cash,0
2022-09-01 13:03:00,70,10042B810,8,80CA021A0,4793.85,UK Pound,4793.85,UK Pound,Cheque,0
2022-09-01 13:11:00,70,10042B810,8,80CA021A0,3376.7,UK Pound,3376.7,UK Pound,Credit Card,0
2022-09-01 13:03:00,70,10042B810,234165,80CA34340,8262.01,UK Pound,8262.01,UK Pound,Cheque,0
2022-09-01 13:19:00,70,10042B810,234165,80CA34340,1273.99,UK Pound,1273.99,UK Pound,Cash,0
2022-09-01 13:18:00,70,10042B810,134640,80CF962E0,24260.17,UK Pound,24260.17,UK Pound,Cheque,0
2022-09-01 13:29:00,70,10042B810,134640,80CF962E0,6926.43,UK Pound,6926.43,UK Pound,Credit Card,0
2022-09-01 13:15:00,70,10042B810,134640,80CF962E0,6433.48,UK Pound,6433.48,UK Pound,Cash,0
2022-09-01 13:25:00,70,10042B810,25,80CF9EA40,626.33,UK Pound,626.33,UK Pound,Cheque,0
2022-09-01 13:14:00,70,10042B810,25,80CF9EA40,1036.64,UK Pound,1036.64,UK Pound,Credit Card,0
2022-09-01 13:17:00,70,10042B810,233674,80CFC8780,7232.55,UK Pound,7232.55,UK Pound,Cheque,0
2022-09-01 13:26:00,70,10042B810,233674,80CFC8780,0.06,UK Pound,0.06,UK Pound,Credit Card,0
2022-09-01 13:00:00,70,10042B8E8,1135,810DC7AA0,3572.62,Mexican Peso,3572.62,Mexican Peso,Credit Card,0
2022-09-01 13:08:00,70,10042B8E8,19,810DEFCF0,124120.96,Mexican Peso,124120.96,Mexican Peso,Cheque,0
2022-09-01 13:00:00,70,10042B8E8,245681,810E8E310,42574.04,Mexican Peso,42574.04,Mexican Peso,Cheque,0
2022-09-01 13:03:00,70,10042B8E8,245681,810E8E310,5423.36,Mexican Peso,5423.36,Mexican Peso,Credit Card,0
2022-09-01 13:11:00,70,10042B8E8,14,810F341F0,24017.95,Mexican Peso,24017.95,Mexican Peso,Cash,0
2022-09-01 13:11:00,70,10042B8E8,45907,810FA40C0,31078.89,Mexican Peso,31078.89,Mexican Peso,Cheque,0
2022-09-01 13:17:00,70,10042B8E8,45907,810FA40C0,12768.8,Mexican Peso,12768.8,Mexican Peso,Credit Card,0
2022-09-01 13:12:00,70,10042B8E8,113,810E520E0,293291.86,Mexican Peso,293291.86,Mexican Peso,Cheque,0
2022-09-01 13:11:00,70,10042B8E8,113,810E520E0,2528.51,Mexican Peso,2528.51,Mexican Peso,Credit Card,0
2022-09-01 13:05:00,70,10042B8E8,245768,811156D60,189934.57,Mexican Peso,189934.57,Mexican Peso,Cheque,0
2022-09-01 13:07:00,70,10042B8E8,245768,811156D60,495413.9,Mexican Peso,495413.9,Mexican Peso,Credit Card,0
2022-09-01 13:25:00,70,10042B8E8,245768,811156D60,162719.91,Mexican Peso,162719.91,Mexican Peso,Cash,0
2022-09-01 13:28:00,70,10042B8E8,246528,811350550,3831.24,Mexican Peso,3831.24,Mexican Peso,Cheque,0
2022-09-01 13:28:00,70,10042B8E8,246528,811350550,19578.38,Mexican Peso,19578.38,Mexican Peso,Credit Card,0
2022-09-01 13:29:00,70,10042B8E8,246505,811431280,675186.01,Mexican Peso,675186.01,Mexican Peso,Cheque,0
2022-09-01 13:23:00,70,10042B8E8,246505,811431280,42864.48,Mexican Peso,42864.48,Mexican Peso,Credit Card,0
2022-09-01 13:22:00,70,10042B8E8,246505,811431280,398327.49,Mexican Peso,398327.49,Mexican Peso,Cash,0
